ERA_avg,FIP_avg,WHIP_avg,z_scores_era_avg,z_score_era_2023,z_scores_fip_avg,z_score_fip_2023,z_scores_whip_avg,z_score_whip_2023,zscore_difference_whip
3.381561542346249,3.7803524530220365,1.1219969393488605,-0.3977090081637451,0.10118271980698085,-0.44393335184556126,0.11775764697156274,-0.5448492535668823,-0.23773558256914618,0.3071136709977361
2.9022380615341965,3.1556742774225763,1.0128312767352752,-0.5010791557633695,-0.4917841399460933,-0.830967232540255,-0.33795012121441464,-0.7281768300196201,-0.589648307378653,0.13852852264096704
3.8549656921782285,3.9891320708101423,1.3075039546084286,-0.29561541416851433,0.7073985021408942,-0.31457908778000016,0.40835264124663523,-0.23331767203929085,0.7384896959917812,0.971807368031072
4.213118859198471,3.6482838304592797,1.2989544200356973,-0.21837666576538264,0.24553602093040297,-0.5257595361194315,0.5917160631276541,-0.2476753502275848,0.11871644887906077,0.36639179910664554
4.011501845838817,3.4636028607372658,1.2834267981917313,-0.2618570735982611,0.2856559615150775,-0.6401829227430766,0.14019328004806259,-0.2737516933979199,0.01854038184019613,0.292292075238116
4.011501845838817,3.4636028607372658,1.2834267981917313,-0.2618570735982611,-0.5868427900033809,-0.6401829227430766,-0.030568955006298016,-0.2737516933979199,-0.5229752513145661,-0.24922355791664624
2.4953834099799423,2.655163053896846,0.9115233138885056,-0.5888207896835485,-0.4670440809580377,-1.1410705925408153,-0.722390700243601,-0.898308562465597,-0.7291301535661496,0.16917840889944735
2.4953834099799423,2.655163053896846,0.9115233138885056,-0.5888207896835485,-0.19735431355139965,-1.1410705925408153,-0.02084936159990115,-0.898308562465597,-0.35375017113704055,0.5445583913285564
3.4662113024866965,3.4595234434118147,1.130755530506815,-0.3794535740982858,-0.32428897967471104,-0.6427104205493308,-0.29764466986312416,-0.5301404957790797,-0.08879666869221665,0.4413438270868631
3.5734404926591745,4.1156260778610445,1.1870519812254297,-0.3563286956835279,-0.049373470102142145,-0.23620678609593454,-0.11042714351356726,-0.43559893732523836,0.04112763955706097,0.4767265768822993
3.5734404926591745,4.1156260778610445,1.1870519812254297,-0.3563286956835279,0.8878387090518287,-0.23620678609593454,1.1853967906331195,-0.43559893732523836,0.06972022398952826,0.5053191613147666
8.857143228232504,3.4845391924635405,1.7222223170850768,0.7831463217377783,-0.9865855966799273,-0.6272113318791,-0.49724024409565376,0.46314044934282933,-0.8052110057343366,-1.268351455077166
4.17877597876383,4.343505664389515,1.2469145904738301,-0.22578299731732496,1.0315445928697942,-0.095018692529868,1.080957266482716,-0.33506854332677993,1.2946241552826656,1.6296926986094455
5.8346649275852736,5.601672696846224,1.460855889939124,0.13132340764800346,-0.2508228997607227,0.684507931185698,-0.27114456792432023,0.02421421093042528,-0.09997677018961951,-0.12419098112004479
4.578943655390903,3.9671456417068796,1.2964270809058052,-0.1394834658871943,0.3509665247076278,-0.3282012908772807,0.3576167081907574,-0.2519196423105024,0.3419210253828538,0.5938406676933562
3.9154813306459513,4.570516496817334,1.2361976677099553,-0.2825647068050942,0.22043007320509186,0.04563114424401585,0.5900123079102373,-0.3530660292604919,-0.3942585012347239,-0.04119247197423198
5.274245666426228,5.316858934836605,1.310175802463364,0.010464271672567598,0.3172804353916123,0.5080449460973281,0.5245717745725768,-0.22883069893649757,0.1552923901266003,0.3841230890630979
4.856369073347199,4.699321761114709,1.52647611762257,-0.07965433681251292,-0.006117479765456084,0.12543543906683274,0.17652869904409174,0.13441367310073907,0.10112805543377935,-0.03328561766695971
0.0,2.212430658340323,0.0,-1.1269712490982937,-0.9865855966799273,-1.4153757369410727,-2.469987527403899,-2.4290770844949043,-0.9510328098667495,1.4780442746281548
4.482371393487179,4.81404906271852,1.351180964804828,-0.16031008792145227,0.2944905097062648,0.19651740494268966,0.34360268984003134,-0.15996859656717471,-0.19323727368797114,-0.033268677120796425
2.284965184208237,2.8464406424184463,0.8443770536759944,-0.6341992531354591,-0.43718538454812217,-1.0225601174399437,-0.4859026187337652,-1.0110707704521646,-0.2822637022249638,0.7288070682272009
2.284965184208237,2.8464406424184463,0.8443770536759944,-0.6341992531354591,-0.36729703503593764,-1.0225601174399437,-0.31948391061675924,-1.0110707704521646,-0.4136047214804035,0.5974660489717611
3.3142876312660237,4.017715863741318,1.292591290876994,-0.4122171939638346,-0.36058964606598176,-0.2968693346058792,-0.07718767857857903,-0.25836128405872,-0.3727355552339041,-0.11437427117518412
4.2461620069446955,4.197879217379641,1.2523371681321318,-0.2112506325197409,-0.4569302150624282,-0.1852449420125314,-0.507874998023077,-0.32596212656144535,-0.596108050887109,-0.2701459243256637
4.632438497684602,4.049696056374525,1.349409078059229,-0.12794685237860942,-0.061925386732212435,-0.2770552630668569,0.147865599528096,-0.1629442181595544,0.0332647628770103,0.1962089810365647
7.131886356498821,4.842052207873589,1.7280783056051867,0.4110801396758441,-0.03335268006095127,0.21386740429335152,-0.26961559513159644,0.4729747155161307,0.01737399367842518,-0.4556007218377055
3.6276300087987727,3.9600521813314193,1.1341636712231333,-0.3446422699064879,-0.0697619149828817,-0.3325962090990256,-0.2522043162975458,-0.5244170277693251,-0.20104799894825526,0.3233690288210698
4.201790218199908,4.046083727022892,1.293039792895493,-0.2208197826561736,-0.025038808558635543,-0.2792933656641952,-0.30827185909880805,-0.2576080912862213,-0.1752605483524508,0.0823475429337705
3.219372883401742,3.051849229194993,1.1076820720778475,-0.4326863591286413,-0.2807106405865321,-0.8952944539775554,-0.5825594627999937,-0.56888895489061,-0.5074145652337798,0.061474389656830164
7.751824455336472,7.899204815012685,1.4507298489613945,0.544775014525103,0.6905309245341592,2.107997347734211,-0.1338394971505904,0.007209023520174146,0.17716798195432817,0.16995895843415404
3.3750083483962094,1.9248909381232961,1.0961557267467006,-0.3991222596587833,0.7837045385048561,-1.5935276527858475,-0.9904271041176946,-0.5882457462508772,0.2965549366930978,0.884800682943975
3.2115795778765976,2.8648937616153844,1.0853733743015146,-0.434367051134504,-0.06506499733556013,-1.0111270586063146,-0.35761661121431165,-0.6063531116523236,-0.4243430356283293,0.18201007602399433
2.07018470620798,2.0071294961121224,0.7958731265800822,-0.6805184730384582,-0.4613348224036664,-1.542574843028076,-1.0608822142858532,-1.0925259385887731,-0.939815941622191,0.15270999696658216
4.076867997554069,4.09015557264647,1.2479292708017422,-0.24776031218073627,-0.4022601658891359,-0.2519876295150138,-0.28501319517402063,-0.33336453786446857,-0.4344170630373883,-0.10105252517291974
5.905569733665205,5.521897759363275,1.4047640901708873,0.14661462655008597,-0.22789003979975112,0.6350815147648377,-0.2946814126506538,-0.06998366653570169,-0.18546807742159,-0.1154844108858883
4.511506456301921,3.766440437246854,1.427315650095172,-0.1540268661222992,-0.2525630910404153,-0.45255286452276916,-0.46516306014494385,-0.032111658734291615,-0.0796583532673558,-0.04754669453306419
3.7050952775097197,4.113284006254741,1.2319911619629917,-0.32793623195706595,0.6066751704474946,-0.23765787098741914,0.39049590640135123,-0.36013023320028803,1.7029256691108978,2.063055902311186
4.94639178038212,4.632436911363356,1.4560017402032925,-0.06024018147476025,0.9446395253659182,0.08399537605501667,2.0314626642775324,0.016062384747144016,1.0719144483385419,1.055852063591398
3.8782096215001554,3.909943570231954,1.1590932198099217,-0.29060266494802506,0.11538142364018085,-0.3636421635882096,-0.04811343818473677,-0.4825515398946796,-0.13619542806501375,0.34635611182966586
5.141243062649144,5.510027572703966,1.4495843556435,-0.018218860562638797,0.0755881944439719,0.627727064766782,0.17871567950762718,0.005285336998380728,-0.014341775304515194,-0.019627112302895922
4.8818964828389335,4.356104212551701,1.2937382370740242,-0.07414913585192968,0.0755881872936101,-0.0872129692361889,0.8442276398959606,-0.2564351576414096,-0.21609066788755715,0.040344489753852464
4.8818964828389335,4.356104212551701,1.2937382370740242,-0.07414913585192968,0.421114577597248,-0.0872129692361889,0.24551083207248184,-0.2564351576414096,-0.004069177449553217,0.2523659801918564
2.845727735707701,3.3658187643876953,1.2265407617711404,-0.5132660837054167,-0.19643189944261452,-0.7007673320576491,-0.0690098064791542,-0.3692833737936499,-0.21907817480238548,0.15020519899126442
4.117666319715337,4.275435924238128,1.2290571382652664,-0.23896181022443225,-0.2400097661626615,-0.13719288192489407,-0.26719148312561897,-0.3650574918352935,-0.4194586170028442,-0.05440112516755069
3.426270965031918,3.91938129133586,1.1880574070184855,-0.3880670444229289,-0.19895673602854858,-0.3577948041534835,-0.047938783820388936,-0.4339104734847682,-0.3022491730147802,0.13166130046998797
4.242439570441312,4.279245178102436,1.3674361119670302,-0.21205340731836558,-0.053034399327599104,-0.13483277016936515,-0.21211666428909037,-0.1326704822812064,0.05377101839755856,0.18644150067876497
4.299363161788337,5.15701703860255,1.5477707382438013,-0.1997773551844833,-0.3515904107976177,0.40901118469258857,0.028110820249556426,0.17017483733962116,-0.3740855479583371,-0.5442603852979583
3.8510957053434405,3.768062674560197,1.231642759995246,-0.2964500094394218,-0.38468714205552745,-0.4515477696958395,-0.63314058010016,-0.36071532274995977,-0.34765448321244946,0.013060839537510305
0.8181818181818182,2.3851582743904807,1.0,-0.9505234456952583,-0.789886734456443,-1.308358328370839,-0.3145784827985762,-0.7497250605744874,-0.45955912041857777,0.29016594015590963
3.3251921044530888,3.685466892165195,1.12854321356767,-0.409865552435793,-0.33405563490423895,-0.5027219061360557,-0.14376171038343255,-0.5338557547083863,-0.29956252459646815,0.23429323011191816
1.1739131408287662,3.634170175364882,0.7826087605525108,-0.8738069884386122,-0.9865855966799273,-0.5345039791227897,-1.1847126183119983,-1.1148014785231963,-0.7345096429387619,0.38029183558443447
5.610861120450229,4.871387916131531,1.3893043495214958,0.08305823078307381,0.08862097860616715,0.23204302408205793,-0.13718368544949477,-0.09594601328454203,0.13234311289993064,0.22828912618447267
3.6872838215433053,3.6855247228683377,1.1508244905164522,-0.33177742252234604,-0.3863846486375112,-0.5026860757799861,-0.4094124704355928,-0.49643764716891775,-0.4196819809142467,0.07675566625467106
4.654253120280356,4.430657441538861,1.3946020110894264,-0.12324234519750296,-0.05811199517262441,-0.0410217836620638,-0.1730475687239272,-0.08704937460839245,-0.33001527237843076,-0.2429658977700383
4.061880437732253,4.063350557526918,1.141636478364897,-0.25099250574720755,-0.09061993613404701,-0.26859529955862405,-0.24401478799597778,-0.5118675539714375,-0.20480997320887942,0.30705758076255807
3.0251087273484414,2.9321905329016427,1.0008830529397417,-0.4745810613254238,-0.40702651046945815,-0.969431780034834,-0.45418426206657614,-0.7482421038329033,-0.5540734676932803,0.1941686361396231
4.106045452412702,3.8233569892183112,1.3320960922133867,-0.24146794818010656,-0.35469752034441365,-0.4172888920554504,-0.4609148770660882,-0.19201881597987516,-0.45656049750121114,-0.26454168152133595
4.546937800519121,4.806841063346398,1.3800394859676186,-0.1463857981838371,0.3766321532142419,0.19205152142377171,-0.027789760992175554,-0.11150498064509226,0.21164325247790683,0.3231482331229991
3.648904776508929,3.8376625060653016,1.1421842335111352,-0.3400541869804839,-0.017710873285569924,-0.40842557664456575,-0.05070632559672671,-0.5109476802579894,-0.28892281312665535,0.22202486713133407
5.3977286502574255,5.035421588016984,1.4747478397340963,0.037094417650494434,0.8545156991066482,0.3336738975050061,0.2392519556025343,0.047543684934812876,1.0224234004630246,0.9748797155282117
4.4321874295241255,4.237204964882563,1.3059670457888855,-0.17113268261930975,-0.19094983379241925,-0.16087976124938114,-0.27188901639698876,-0.2358986829759718,-0.10613993858467394,0.12975874439129786
3.758625367481737,3.7663516893139914,1.2939178303188366,-0.31639201698964126,-0.22985553827670166,-0.45260785036700246,-0.3924700035174383,-0.2561335573622516,-0.28992332184364494,-0.03378976448139337
3.4386501230081703,3.2210481357457277,1.1923916380836315,-0.3853973746938425,-0.4505119937625869,-0.7904633393819677,-0.3282138152849605,-0.4266317737733766,-0.24656956340168493,0.18006221037169165
4.759951959030483,4.192544458908371,1.31856945639342,-0.10044749996230007,-0.9865855966799273,-0.18855021559876353,-0.7248648930597108,-0.2147347992209705,-1.0295524625699528,-0.8148176633489823
3.041256552075902,3.158163192433546,1.1981998664078095,-0.4710986468552156,-0.4258106123815822,-0.8294251674048907,-0.5278729600343536,-0.4168777137817763,-0.3233648460748768,0.09351286770689948
6.75,4.862431001663208,1.25,0.3287231289767485,-0.9865855966799273,0.2264935595719544,-1.1548225150852007,-0.3298870545943832,-0.6107819799132889,-0.28089492531890564
4.281156037930661,4.044552192326137,1.2755922238421085,-0.20370387486456265,-0.28746428593542567,-0.2802422635771645,-0.5428002182870543,-0.286908701688514,-0.5573475813719838,-0.2704388796834698
4.594663034722975,4.2944070764199225,1.260143364782367,-0.13609344927674594,0.07558823681648744,-0.12543886371684065,0.28455207768749696,-0.3128527744177521,0.14533169582380487,0.45818447024155695
8.251957791951467,6.184794157183077,1.9573375185367548,0.6526329828804158,1.0560563675035926,1.045794383195891,0.6977891629656461,0.8579816387551613,0.7763956744584988,-0.08158596429666254
8.251957791951467,6.184794157183077,1.9573375185367548,0.6526329828804158,0.16795110492427173,1.045794383195891,0.40336158049613496,0.8579816387551613,0.15848136045338126,-0.6995002783017801
3.9273535850312924,4.483150805396643,1.2853090142952224,-0.2800043551067508,-0.4275467562752317,-0.008498300181790925,-0.30905057157053156,-0.2705907899750666,-0.46751829459001815,-0.19692750461495157
5.523762910352679,4.276470420105404,1.2974174734329222,0.06427476785279194,-0.35069442054748473,-0.1365519359694984,-0.6328392535659523,-0.25025642461561265,-0.39652182723142104,-0.1462654026158084
3.962631544855607,3.8340251536770444,1.1848072568098822,-0.2723963658050898,-0.2877870812491225,-0.4106791828457594,-0.2419944941720797,-0.4393686198156315,-0.3153007846616657,0.1240678351539658
7.490689824846268,5.210622825958102,2.034512371245859,0.4884591310398745,-0.42485905652945927,0.4422238960027027,-0.08941274803505124,0.9875853838479552,-0.3228771046022976,-1.310462488450253
2.498226002758767,3.093672943594653,0.9544341710843193,-0.5882077605980238,-0.37379303439738987,-0.8693815997728552,-0.5503526598494848,-0.8262461275856473,-0.5427317233153521,0.2835144042702952
3.579208709414989,3.7242171200637353,1.1433954009149492,-0.3550847311349416,-0.5440132035737509,-0.4787133019183981,-0.3054454150570357,-0.5089137038270879,-0.6107819799132889,-0.10186827608620097
8.077656224043945,5.537192141267544,1.7377954975517764,0.6150433810296536,-0.20370851097466647,0.644557504502362,-0.49331046944837853,0.4892933014784593,-0.0034811995771981985,-0.4927745010556575
2.793549256797833,3.2961838319722965,1.0329440876938663,-0.5245188123580985,-0.11982656796844493,-0.7439112726936117,-0.11381317554942605,-0.6944003402295814,-0.45731555186095363,0.23708478836862779
3.436526844478863,4.503699917750177,1.37163890415298,-0.38585527760024246,-0.28293735852875096,0.00423337992114777,-0.29809860518610615,-0.12561251471761473,-0.47768688688250016,-0.35207437216488546
3.436526844478863,4.503699917750177,1.37163890415298,-0.38585527760024246,-0.16952887094544786,0.00423337992114777,0.12240458818295759,-0.12561251471761473,-0.34905038505171126,-0.22343787033409654
4.378814932301939,4.028186536012971,1.2855700377952766,-0.18264291138229682,-0.24709749030660455,-0.2903819862702486,-0.21506251360423834,-0.2701524396319598,-0.2972340260100545,-0.027081586378094713
4.9003684881731315,5.023452359805391,1.4494158661394614,-0.07016549224944608,0.8641718440386131,0.32625808401158946,0.6983639886323451,0.005002383808764187,0.6883587124825373,0.6833563286737732
4.469513809186907,4.009452264511178,1.2606477193860683,-0.16308293431871634,-0.012926331846339342,-0.30198923954809653,-0.053372211177709426,-0.3120057854932527,-0.4746815505852684,-0.1626757650920157
0.4354840049386809,2.5696717920461944,0.4354840049386809,-1.0330554538789096,0.4784817320299724,-1.1940386905663172,0.18301732235864768,-1.697746139416162,-0.14147003426317792,1.556276105152984
4.723534798179278,4.7056523645551005,1.1993158967655397,-0.10830116756475235,-0.13279467747832405,0.12935771154629389,0.048355968006402295,-0.41500350594176544,-0.12497383113991517,0.29002967480185027
7.0568191261332425,4.129868950824105,1.636363831433413,0.39489125890238674,0.29534831594123495,-0.22738228315913056,0.4211074706176532,0.3189538276929657,0.28091063625920226,-0.038043191433763446
4.914923426772659,4.558475499252268,1.372881035916786,-0.06702659709499284,0.1693094113078455,0.038170864379794514,0.17581458112306356,-0.12352653822609119,-0.026350637254754124,0.09717590097133708
4.018277415498493,4.478665105234023,1.258198639010286,-0.2603958649076172,0.04018235532640173,-0.011277519961488965,-0.16187328589098468,-0.31611865357906666,0.015279994995604848,0.3313986485746715
4.491305057286265,4.2113304180388855,1.2696844507005978,-0.15838346804472014,0.32474001252355816,-0.17691093804936334,0.4404233645375891,-0.2968299324705727,0.044516383517920276,0.34134631598849297
4.491305057286265,4.2113304180388855,1.2696844507005978,-0.15838346804472014,-0.2404304876414151,-0.17691093804936334,-0.11138618425881217,-0.2968299324705727,-0.3070868070325826,-0.01025687456200991
5.037776457088149,4.31395446453136,1.5199973228036021,-0.040532305900957105,-0.06295617795037202,-0.11332782514733267,1.0895344979240194,0.12353349590894011,-0.3740854485874934,-0.4976189444964335
3.5405828351046686,3.5742502554710915,1.180029154079445,-0.3634147264063144,-0.3940951534937953,-0.5716287579821664,-0.3711925229357191,-0.44739273630649096,-0.6052606220267027,-0.15786788572021176
4.446720749505643,4.321473952154579,1.448415538955056,-0.16799844970199698,-0.12867593396131952,-0.10866895184371914,0.30703355097805496,0.0033224823270502682,0.5722451274674926,0.5689226451404423
3.442966646106892,3.9889367508350957,1.0997678592220028,-0.3844664801149328,0.4973337702261683,-0.3147001028096143,0.3730893298623891,-0.5821797042678097,0.49003059233058344,1.072210296598393
2.6877433300182134,2.927571597198716,1.0481997474271796,-0.5473367520292262,0.38396126544097564,-0.9722935489898121,0.5482247303003057,-0.6687807171802005,0.36136410791842166,1.0301448250986223
3.656374275724747,3.3677891563406366,1.1718380945686326,-0.3384433265337428,0.18838543779945757,-0.6995465299329316,0.663712604751974,-0.46114840867402623,-0.05674470467880168,0.4044037039952246
3.5312749680601097,3.2485456820025576,1.0825619987158035,-0.3654220463661121,-0.14023199051207766,-0.7734265955784085,-0.19268270893181155,-0.611074400932188,-0.4508232617627194,0.1602511391694686
3.88886461254113,3.5304538399951984,1.1771573779751443,-0.2883048263470196,-0.4659121930256021,-0.5987638449825817,-0.12009747102811939,-0.4522154593194946,-0.7709001320639012,-0.3186846727444066
4.608884991386133,4.625829974714945,1.4131158180308414,-0.13302636448270364,-0.003091389777313237,0.07990189491477258,0.15303555721623155,-0.05595817545085527,0.024353356950806114,0.08031153240166139
4.535183099291763,4.574382717694689,1.2840992294816695,-0.14892079855311363,-0.36583469227141513,0.04802655123634369,-0.1897991747187579,-0.2726224445502147,-0.5400804227200029,-0.26745797816978817
2.7562330729658213,3.602161433967234,1.0827788156765144,-0.5325663618418724,0.2779070699009745,-0.5543357387122715,0.26993914173874867,-0.6107102889303979,0.03731548508002204,0.6480257740104199
2.7562330729658213,3.602161433967234,1.0827788156765144,-0.5325663618418724,0.8365485443948413,-0.5543357387122715,0.16524939499377655,-0.6107102889303979,0.4658334953498794,1.0765437842802772
4.7352610631569325,4.02333227398422,1.2088865865498866,-0.10577229971233905,-0.3809602166398965,-0.29338955711917947,-0.3674542695582432,-0.3989309486821081,-0.4317024676395779,-0.032771518957469825
2.85069604433765,3.022738084579275,1.262761603734246,-0.5121946260845043,-0.5345967513353151,-0.9133309401430495,-0.6966136003057716,-0.30845582953480694,-0.5818243853511161,-0.2733685558163092
2.85069604433765,3.022738084579275,1.262761603734246,-0.5121946260845043,-0.3135829493118575,-0.9133309401430495,-0.34235516373861175,-0.30845582953480694,-0.27334289893472585,0.03511293060008108
4.846073083820884,4.242147678914551,1.3953062588919571,-0.08187475371179835,0.09117019788975474,-0.15781738790629346,0.19008599388918093,-0.08586669463587092,0.0347800335686954,0.12064672820456632
8.484959808139019,4.105680796065123,1.6746252784866562,0.7028818310351371,0.36394469881653296,-0.24236861655268793,0.3603284551095795,0.3832082662399535,0.2591384654885426,-0.12406980075141094
14.96773458287848,5.526228645725794,2.303284988392812,2.100946837541053,0.12499157670302724,0.6377648160569388,0.2750366090432326,1.4389492224280787,0.21215084858171807,-1.2267983738463606
14.96773458287848,5.526228645725794,2.303284988392812,2.100946837541053,-0.020972935197361743,0.6377648160569388,0.4891333334212388,1.4389492224280787,0.997678154309127,-0.44127106811895167
3.912194018168176,4.232033210084462,1.3706231202588508,-0.2832736434410755,-0.038216109049498605,-0.16408404212183145,0.31551137605140384,-0.1273183734560863,0.01764107568931691,0.1449594491454032
4.013260398386386,3.9430492397372143,1.1969202765651792,-0.2614778269231432,-0.2613618808083121,-0.34313077669795816,-0.45786819383359145,-0.4190265955737855,-0.4277897070373038,-0.00876311146351827
4.603403538556139,4.623437988606849,1.2130617131969854,-0.1342084859743044,-0.047364417851100016,0.078419884333731,-0.00881095687698774,-0.3919194412971786,-0.4882477949282533,-0.09632835363107473
9.09601523637685,5.730094698168306,2.036746921189982,0.8346610831207739,-0.4446601751768252,0.7640747665254586,-0.19528917778714935,0.9913379798191698,-0.3052502741293592,-1.296588253948529
3.9692763277942213,4.069037961598142,1.4435010173460698,-0.27096336237290164,-0.2226934809895796,-0.2650715361957493,-0.29456076641859,-0.0049307294836011435,-0.028160177456418557,-0.023229447972817414
3.49884041503992,4.346621567574778,1.1463713201420582,-0.3724168310308331,-0.012926269942746565,-0.09308816230043597,0.571331014200291,-0.5039160878500187,0.058378593357217234,0.562294681207236
3.9029442703871036,4.4091543172975936,1.3780876491125995,-0.2852684294919672,-0.3186206862440811,-0.05434454400049132,-0.40978858400406765,-0.11478280181793105,-0.4648599175283421,-0.35007711571041106
4.061517880908858,4.595848078049523,1.3978446760493974,-0.2510706941812147,-0.43497362846063503,0.06132591408132969,-0.5258307776169384,-0.08160379864496925,-0.37408558108194895,-0.2924817824369797
3.440227871288056,4.173358558240461,1.1908522551749272,-0.3850571199825762,0.27362058036227865,-0.20043728622196572,-0.029130815715842796,-0.4292169395766976,0.10432203790956977,0.5335389774862673
3.440227871288056,4.173358558240461,1.1908522551749272,-0.3850571199825762,-0.1148928386760056,-0.20043728622196572,-0.185438308979455,-0.4292169395766976,0.13797726987374853,0.5671942094504461
5.899428085001881,4.884253200989642,1.489588153098964,0.14529012826396567,1.0560563675035926,0.24001401029443697,1.3237569476168036,0.07246579521971681,0.8549151586771271,0.7824493634574102
5.745016932872431,3.8018257490515865,1.6668326053414457,0.111990062179976,-0.1969859952284472,-0.4306290722688859,-0.3706790981132863,0.37012162482179406,-0.2753817892782046,-0.6455034140999987
2.911868313304499,3.7022730742988337,0.9975696430436313,-0.49900231082092855,-0.09680650902941731,-0.49230924543344345,-0.016964168350850184,-0.7538064854480143,-0.2616237421214841,0.4921827433265302
1.332000081298833,2.4484312894515994,0.8520000336914082,-0.8397142076253736,-0.8759424984033831,-1.269156061477397,-0.9698775013693907,-0.9982691035349746,-1.2912841265533908,-0.2930150230184162
4.549500273628272,4.552491583175666,1.3596667565790932,-0.14583317926547268,-0.39648907253835886,0.03446339011329551,0.26993907205881784,-0.14571796497649536,-1.518118175433425,-1.3724002104569295
4.408896549413911,3.372299277063179,1.6619153746359465,-0.17615555717291845,-0.008267655434765096,-0.6967521798278202,-0.09230799540896466,0.36186386348443034,-0.27411246275391393,-0.6359763262383442
3.7246659061267757,3.29495708161666,1.2449173511804474,-0.3237156609862151,-0.2960710970411988,-0.744671334385106,-0.47083636628748615,-0.3384226111763755,-0.4806668032083411,-0.1422441920319656
3.9718489207511816,4.1570958781792395,1.057093630630634,-0.2704085610240835,-0.10144081046757464,-0.21051320758507525,-0.6616358118430405,-0.6538447564219675,-0.33858112125724815,0.31526363516471934
4.01537232738126,4.47278589940986,1.2824202620619614,-0.26102237163947917,0.16663163563773578,-0.01492011855770982,0.11149307146114576,-0.2754420218845981,0.10471746524677894,0.38015948713137704
4.173542349264264,5.760238714280186,1.3910053826366322,-0.22691167361946507,-0.015085176373930555,0.7827511922294761,0.20043853928878433,-0.09308937987988213,-0.2290367921876016,-0.13594741230771945
6.312162771190203,4.436502956018746,1.4209460849061994,0.2342998412003963,1.266510222769698,-0.03740005932114869,0.758144091429845,-0.042808400925885746,1.2451329654688081,1.287941366394694
3.911006719970221,4.036747274577994,1.0888040612246888,-0.28352969430209196,0.14523895483042576,-0.28507798174783316,0.13339197325778046,-0.6005917806244537,0.13665493595477238,0.7372467165792261
3.9690255191741337,3.896061827014154,1.3020459720894344,-0.27101745136523264,-0.04132555701632926,-0.37224292019898203,-0.33091966375672716,-0.24248354602908603,0.01712873700623065,0.2596122830353167
2.9113176178589897,3.42417175684225,1.1714527306423816,-0.49912107293412256,0.13806900568655422,-0.6646133795073432,0.5935727485001988,-0.46179557036352176,0.2378443256505066,0.6996398960140283
4.373112811097973,3.733024373022483,1.1843065164182476,-0.1838726218681807,-0.20969592820577607,-0.47325656367456104,-0.3009117243397819,-0.4402095392057818,-0.37578843287210256,0.06442110633367926
3.198788504616011,3.926032788965892,1.1958696084917277,-0.4371255538656124,-0.16873251936091138,-0.3536737142215159,-0.24920482609082464,-0.4207910371294048,-0.3481320285785128,0.07265900855089202
2.6353238159748638,3.8089640867086367,1.221381174297184,-0.5586414619394973,-0.06531238012465378,-0.4262063492844212,0.318027634937308,-0.3779481374606328,-0.22192347417615244,0.1560246632844804
4.606975195471294,4.49260807661428,1.2448252632630832,-0.13343822806440767,-0.07325146387423076,-0.002638828019774405,-0.10143434525239362,-0.33857725920677983,-0.2293539827720112,0.10922327643476865
11.990684738249882,8.992164952766746,2.3478263616240302,1.458920952789197,-0.9865855966799273,2.785166200565712,-0.38764319893072907,1.5137498677121195,-0.6107819799132889,-2.1245318476254083
3.1139857785398735,3.6294624318830286,1.1625069546721385,-0.4554139763240526,-0.37541419667615994,-0.5374207710010209,-0.573566757692655,-0.4768186773446882,-0.529769819598991,-0.05295114225430286
3.407322773048535,3.187032802649344,1.3375954591438588,-0.39215338168883956,-0.39648907253835886,-0.8115383294899258,-0.24151380537749667,-0.18278344299490576,-0.7620046791666449,-0.5792212361717392
4.066517053988593,4.232935951729485,1.2363337719286502,-0.24999258038163027,0.2816815596840407,-0.16352472755669145,0.03765876738091784,-0.35283746236536245,0.16113090284264775,0.5139683652080103
3.8884120363852395,4.290281841374671,1.3219593900650817,-0.2884024282086167,0.15145773864033674,-0.12799474895616317,0.6212367817093456,-0.20904190724850957,0.2519976031756106,0.46103951042412017
3.915862446390014,3.4363265985972355,1.0841335050843555,-0.2824825159834604,-0.5440132035737509,-0.6570825648296134,-0.3328446763482672,-0.6084352885315564,0.750222313366915,1.3586576018984715
5.385792206792878,5.409503896886706,1.4407091880542726,0.03452022303633858,-0.13832184322642266,0.5654452853274508,-0.015469899724839918,-0.009619193655221112,-0.21382239437322934,-0.20420320071800824
5.354620272519753,4.906052133359878,1.3521368218114913,0.02779773274372925,-0.26950627620409723,0.2535200454335022,-0.25584928385898453,-0.1583633761684563,-0.5074145652337798,-0.3490511890653235
7.305195330688887,3.355518130380261,1.4675325551148144,0.4484556803274636,0.783703975744778,-0.7071493292351355,-1.1548225150852007,0.035426682106259974,0.750222313366915,0.714795631260655
2.6314832098175436,3.8691085536603667,1.0791665904807621,-0.5594697210197359,-0.006910784755575814,-0.38894244707701087,0.2178006719318147,-0.6167764866237407,-0.30686839986042797,0.3099080867633128
4.506597697774565,4.193431783851873,1.4325076230745697,-0.1550854812617955,-0.2713682882981694,-0.18800045280932207,-0.1693911892109525,-0.02339250840320003,-0.24030795618296868,-0.21691544777976865
3.39094978028007,3.0462771039048553,1.1513224849109076,-0.39568435554444226,-0.24518227147641825,-0.8987467936926247,-0.2162221795702065,-0.495601339274688,-0.2734390354250329,0.22216230384965513
3.8458905435449107,3.9349362492701636,1.315222154753398,-0.29757254644195374,-0.20938524838316167,-0.3481573684809806,-0.2272572624307855,-0.22035609700481368,-0.02433285469588041,0.19602324230893325
3.698342488983814,4.0322132964036035,1.114663975778108,-0.3293925277042497,-0.526770123322861,-0.28788711329166455,-0.40756993441526107,-0.5571638807807601,-0.5577558386166577,-0.0005919578358976052
3.698342488983814,4.0322132964036035,1.114663975778108,-0.3293925277042497,-0.2900781803658639,-0.28788711329166455,-0.7883012674895467,-0.5571638807807601,-0.16455095106640824,0.3926129297143518
4.064986631463309,4.922702366385572,1.1933396467588473,-0.2503226288951318,-0.5440132035737509,0.26383608424215965,-0.7438335957167339,-0.42503973348595875,-0.6107819799132889,-0.18574224642733012
4.628571791162327,4.962661263407504,1.4357143946083313,-0.12878074022248226,-0.9865855966799273,0.2885935475036811,0.4891331623886666,-0.018007210137727128,0.750222313366915,0.7682295235046421
7.620484061405718,6.800502582111672,1.7179004830686235,0.516450351849672,0.15145773864033674,1.4272708464128927,-0.1097363926356539,0.45588256864025045,0.434274970091111,-0.021607598549139462
8.645454937012754,7.944262978590561,2.0060606873987847,0.737493957969941,0.5136599006796941,2.1359141800931876,0.6228787814528963,0.9398049909954276,0.17352571763319785,-0.7662792733622297
3.3533417180404874,3.4968636964026896,1.065938321848412,-0.40379485106628765,-0.4702511380560549,-0.6195753990523634,-0.5040900594184614,-0.638991406324441,-0.6958447482433017,-0.05685334191886071
2.939157946676138,3.161257848334687,1.0876175890895097,-0.4931170714314731,-0.36966650325919675,-0.8275078014241056,-0.2531377344101402,-0.6025842850059919,-0.5282968712296402,0.07428741377635173
10.800004119874618,13.912435121537824,3.60000137329154,1.2021406443074507,-0.9865855966799273,5.833633926620604,-0.990427064922715,3.616592507858524,-0.4406560782033779,-4.057248586061902
4.91196195270867,5.092636922846921,1.4905104330268468,-0.06766526393140228,-0.9865855966799273,0.3691229878357618,0.4891331623886666,0.07401462788322788,-0.6107819799132889,-0.6847966077965167
5.534161752933562,4.621747843372361,1.639751630498833,0.06651736587997394,-0.00660380233171767,0.07737271557613257,0.107500635598365,0.32464313491011465,-0.48926363845300197,-0.8139067733631167
4.000909500300248,2.9070280097352574,1.2225001250917424,-0.2641414021687977,-0.016774755268699534,-0.9850218060187106,-0.0984022882437672,-0.37606902517912383,-0.21431545357323703,0.1617535716058868
4.391209069689541,4.750023904237159,1.796703416381888,-0.17997001121693057,-0.09457922297755639,0.15684913011404766,-0.1684491086008803,0.5882204341907469,-0.16766430303136215,-0.755884737222109
5.140305560338454,4.980514702319432,1.3715313625001773,-0.018421040835691092,0.9049567850295047,0.2996550604806608,1.1241955773208563,-0.12579311500990467,0.9366614096360858,1.0624545246459904
5.180232935918316,4.275971599300228,1.4161130582703085,-0.009810365848595428,-0.24553412146133408,-0.13686099199152602,-0.31372890614470866,-0.05092475398853044,-0.27211340941112244,-0.221188655422592
3.030612480834064,3.5410024635993382,1.102040902121478,-0.4733941305095228,0.42337964469533435,-0.5922282000873842,0.301460400036361,-0.578362465074118,0.3949160426123991,0.9732785076865171
4.273396877214356,4.7095316365746,1.252632208367255,-0.2053772032546819,0.5070963190837977,0.13176120467703525,-0.09652602382696983,-0.32546665014545334,0.7076910889112051,1.0331577390566584
4.25401939696332,4.520791164830204,1.13826369351853,-0.20955612015285863,-0.20461717829004025,0.01482265923596715,0.16235916586117458,-0.5175316470294319,-0.5189350304147009,-0.0014033833852690192
8.628260931869537,4.562971714782355,1.8500000199027689,0.7337859258775596,0.14443274125807887,0.04095659919977541,-0.04058588924180191,0.677724193181622,-0.081502532526543,-0.7592267257081651
8.628260931869537,4.562971714782355,1.8500000199027689,0.7337859258775596,0.19360745160320955,0.04095659919977541,0.2516728978646635,0.677724193181622,0.29655421560684714,-0.3811699775747749
6.681818181818182,6.688188577420783,1.606060606060606,0.31401914535982883,4.3242838441427285,1.357684094722453,1.6164173434765985,0.26806404483182567,3.277802430372711,3.0097383855408855
5.906037426734619,4.475660576559213,1.4401365278365912,0.14671548850146532,0.5453957640722215,-0.013139045524718533,0.42590409787044087,-0.010580891750803128,0.697875994394599,0.7084568861454021
4.153846153846154,3.5996104888426954,1.2564102564102564,-0.2311593241290369,0.04132452822688144,-0.5559162360460256,-0.09632716237154886,-0.31912197751797033,-0.18052892161045644,0.1385930559075139
4.696071695833658,4.0975787594226105,1.367829753137294,-0.1142238170001625,0.10341809914548719,-0.24738842163915975,0.04548053100603256,-0.13200942018522538,0.22127319267474752,0.35328261285997287
18.0,6.641232562065124,2.5,2.7548804257684854,-0.9865855966799273,1.328591404190051,-0.990426947337814,1.769302975306138,-1.2912841265533908,-3.0605871018595288
4.614676512162477,4.20112843870496,1.3431610073543196,-0.13177737422572156,-0.21364226224097135,-0.1832318114312245,0.06772480562775961,-0.17343692834344168,-0.5341056817003198,-0.3606687533568781
7.743956744869946,4.943261484502993,1.7830094555549718,0.543078276466667,0.6572547205715848,0.27657396364864006,1.0527751089511355,0.5652234533605782,0.9446514981212297,0.3794280447606515
0.0,6.112431001663208,1.0,-1.1269712490982937,-0.9865855966799273,1.0009601085339144,-1.9768007065768376,-0.7497250605744874,-1.9717862731934928,-1.2220612126190054
2.454545880152248,3.385158321680125,1.3636366000845823,-0.5976277471034961,2.137455175753958,-0.6887850599018731,1.4755067902092431,-0.1390512002509049,2.3514043199219588,2.4904555201728638
13.964673969324236,7.592319533121834,2.4347826228926,1.8846283640566952,-0.16094628937993435,1.91785943957963,-0.21541925274615453,1.6597800410660446,-0.34201212002862663,-2.0017921610946714
5.038882357374846,5.421631321366765,1.4507180225782246,-0.040293809185393076,-0.2733754092282473,0.572959112995345,-0.18264153171576253,0.007189162859662155,-0.29745725052504063,-0.3046464133847028
55.68755636668121,5.7287341526167035,6.487506270117136,10.882519525970574,-0.3321657784036238,0.7632318089110147,-0.15598310632423149,8.465729700422704,-0.5978815149630569,-9.06361121538576
6.2427748417837705,5.349425319969059,1.5260116279915883,0.21933574953473528,-0.2278899622766906,0.5282222068218863,1.3345963318002978,0.13363363149885976,0.36136426172482,0.22773063022596024
3.702810842620676,3.7361591087569392,1.1278687798878793,-0.3284288895904081,-0.26500015817730294,-0.4713143653016234,-0.22116289905709946,-0.5349883662735431,-0.42956126758455804,0.10542709868898503
4.762396711417312,4.141532387155355,1.246102686992503,-0.09992026850966415,0.10282346230155628,-0.2201559301315301,0.16756826143318895,-0.33643201508137477,0.37632023185730884,0.7127522469386836
3.800510252361396,3.71125807539845,0.944770417550997,-0.30735918862732425,-0.13522496261308434,-0.486742379198212,-0.2060969485430299,-0.8424749716405001,-0.4133844106589083,0.4290905609815918
8.700169359150102,7.5342904544140605,1.8073910963641804,0.7492935841484539,0.16577287578138894,1.8819061753186292,-0.14363463237869475,0.6061688112000232,0.4163914153991253,-0.18977739580089792
5.1648037811852765,5.161354223446332,1.5557426323405807,-0.013137793078719285,-0.21208390874411873,0.4116983883551275,-0.7027347037798872,0.18356245382552697,-0.18546813826322517,-0.3690305920887521
2.98640806064037,3.1560432657388313,1.0994123785942658,-0.48292718620760094,-0.34004505718568706,-0.8307386172539372,-0.27995218933389054,-0.5827766813794645,-0.362250761140382,0.22052592023908246
5.40887989184016,4.72425579579168,1.602252572259858,0.0394992768624267,-0.07325146387423076,0.14088389969720977,0.1310230874015849,0.2616690155613821,-0.25536043486785415,-0.5170294504292363
5.682807017431355,5.646173604622119,1.5355733238905511,0.09857396971062812,3.4391383343818362,0.7120795027623952,4.4346267883259465,0.14969108485889454,3.4722308999273226,3.322539815068428
4.412040229078887,5.608615656727821,1.3536650570157334,-0.17547759616332234,-0.043963876297941365,0.6888096033289632,-0.03180863670694844,-0.15579693128518599,0.025531715646287163,0.18132864693147316
2.9454547497457853,4.639703834864727,1.4454546457085795,-0.49175911279023893,-0.4333701052972069,0.08849776738755852,0.17061674987810482,-0.0016498997390321927,-0.48318782741826977,-0.4815379276792376
4.1123535276031475,3.991855748431966,1.5604839251537874,-0.24010755861103894,-0.21630692776230748,-0.3128915700133933,-0.3893164362614916,0.19152475350738493,-0.4029950649086776,-0.5945198184160625
4.95,4.912431001663208,1.475,-0.0594620385099294,-0.5780572038432233,0.2574722215304327,-0.9809426231442752,0.04796715078771073,-0.36213684671161206,-0.4101039974993228
4.440318392246527,4.36972545681545,1.2095490960958282,-0.16937917199363003,0.009202287808969438,-0.07877361080617784,-0.1068007706956103,-0.3978183619352645,0.10374527405881803,0.5015636359940825
4.2704084957207264,3.984880049176045,1.4387756222141517,-0.20602167290502565,-0.12461210551849565,-0.3172135265968569,-0.055696109943173235,-0.012866331362211597,-0.10129600483348374,-0.08842967347127213
3.9376299476818897,3.5943107255553324,1.1763588429079657,-0.27778817090859753,-0.2670485446621439,-0.5591998275528091,-0.34875392483994977,-0.45355648080073246,-0.549317269894183,-0.09576078909345048
3.9517823981695854,4.007900827505043,1.1973932982383786,-0.2747360757069791,-0.18795869899570056,-0.3029504683993548,-0.9422207409868204,-0.4182322256695399,-0.4982176727907299,-0.07998544712119005
4.053193926909952,3.450697858294289,1.3275244721666064,-0.2528658250018907,-0.19979023115783603,-0.648178516908163,-0.22324763118334265,-0.19969617535803072,-0.30833658140657677,-0.10864040604854605
5.4606746254116985,5.101195217090925,1.786517007079136,0.050669247599313155,0.16952196919335713,0.3744254779222857,-0.1214789171339594,0.5711138671116885,0.2502617255586859,-0.3208521415530026
5.747525186635022,5.072827189352673,1.559406058389347,0.11253098823938164,-0.9865855966799273,0.3568494070876447,-0.8260313795904273,0.18971463577500533,-0.6107819799132889,-0.8004966156882942
4.6448731840032975,5.019983422872809,1.7005990107183981,-0.12526520749457204,-0.1095613741430833,0.3241088235197947,-0.12169439270397449,0.42682730603209634,-0.164397481019634,-0.5912247870517303
6.3248479408051566,5.191537672104733,1.704366077212876,0.23703550491793943,-0.22789006564076786,0.43039924540972146,-1.2957330017258177,0.4331535367738404,-0.8052111646676038,-1.2383647014414443
1.0,4.252343673176236,1.011111111111111,-0.9113128227168059,0.2779069550520051,-0.151500222715027,0.019431540253275866,-0.7310655936420384,0.3613639438582852,1.0924295375003235
1.9064886606515585,2.9662962136414888,1.319338460403236,-0.7158209046280284,0.2189490483378151,-0.9483008129447644,0.01712626825600134,-0.21344337078068298,0.18244143161644075,0.39588480239712376
5.236469312317309,4.794905320818466,1.7329253429917784,0.0023174825910084462,0.03831889261858625,0.18465645476384704,-0.3414970746507609,0.4811145975613213,-0.6824137848227733,-1.1635283823840945
3.8117648769497534,5.124195797831134,1.341176530778617,-0.30493203399908464,0.34113158263860166,0.38867602223427783,0.014915178501974049,-0.1767695630972706,0.2267591236437597,0.40352868674103026
5.610389920133295,4.8388208156787265,1.491651293834394,0.08295661246421342,0.5308056721265458,0.21186532016415313,0.559588549690472,0.07593053478939368,0.6530080785896085,0.5770775438002148
15.75,8.612431001663207,2.75,2.2696489664101382,-0.43718534841371487,2.549893206457834,0.7612362538448044,2.189140981286242,0.7032913067815827,-1.4858496745046594
2.6785714285714284,3.947996469471781,1.2194940727647585,-0.5493147498621659,-0.042710756394778275,-0.3400656055463968,0.17124983802570617,-0.38111724523845497,-0.29794437913181854,0.08317286610663643
3.6370120758619966,3.77552056722036,1.1616601475450747,-0.34261894808742743,-0.19979023115783603,-0.4469270589830035,-0.37546574946795996,-0.47824076460739295,-0.207521448571006,0.270719316036387
8.089380455147547,5.459414632155227,2.128059733085406,0.6175718102599892,1.6688490151991093,0.5963686412471028,1.475506757008802,1.1446843352856144,2.111226996033608,0.9665426607479934
8.089380455147547,5.459414632155227,2.128059733085406,0.6175718102599892,0.29964049744994703,0.5963686412471028,0.3889546661139357,1.1446843352856144,0.29301006858547807,-0.8516742667001364
4.815286741202938,2.9213481944726154,1.7770701068725123,-0.08851408791482601,-0.28594325748557514,-0.9761494027754791,-0.15890634434492207,0.5552491961299207,-0.2265405920206305,-0.7817897881505512
4.946164674607427,5.994709399578565,1.4830566913009677,-0.06028915874875264,-0.22975412567608872,0.9280229542101012,0.043205176393508016,0.06149717163009276,-0.0055194809220915535,-0.06701665255218431
4.89518455917614,4.455207321714997,1.402266410180665,-0.07128345021941074,-0.3906027775644972,-0.025811334880110514,-0.4357456380139222,-0.07417815048238707,-0.46483876146082714,-0.39066061097844007
4.008721731126527,3.7976865243386593,1.340787498957476,-0.26245662876227355,0.02618475278548349,-0.43319362513192494,-0.23573658751555676,-0.17742288447347324,-0.07271044773833081,0.10471243673514243
3.6758775337182517,3.9272350145148094,1.1720452285533163,-0.33423728460555147,4.324283120594188,-0.3529288474439607,-0.8260313795904273,-0.4608005577976251,3.4722308999273226,3.9330314577249474
2.3820939334637963,3.1060075131414457,0.9015003261578604,-0.613252619914603,-0.4713520350718405,-0.8617394305649865,-0.7327921157718956,-0.9151406871967857,-0.5396846591742616,0.3754560280225241
3.392307692307692,2.989354078586285,1.2076923076923076,-0.3953915103734008,-0.3411281836020528,-0.9340147768725825,-0.5161685190363392,-0.4009365632987087,-0.5701549404823301,-0.16921837718362137
5.785714482774546,6.112431103842603,2.0357143550503034,0.12076683174944812,-0.13422395069766183,1.0009601718415329,-0.19280400752641919,0.9896039377826689,-0.207521448571006,-1.1971253863536748
18.409091707103546,15.385158806398902,2.454545560947139,2.8431044995681525,0.13806900568655422,6.746094110451725,0.11779261343179488,1.6929689710865485,-0.14643925675714556,-1.839408227843694
1.5,2.029097668329875,0.9166666666666666,-0.8034836095260621,-0.09468398003847267,-1.528963951408488,-0.29896162040033275,-0.8896710625678556,-0.15365076690314453,0.736020295664711
9.0,8.712431001663209,1.8,0.8139545883350958,-0.3543393208139611,2.611850530374791,-0.45027008188211487,0.5937565585618462,-0.31913820278181676,-0.9128947613436629
4.18775523244913,4.973655549418377,1.2000000373684645,-0.2238465455974729,-0.9865855966799273,0.2954053128997949,-1.1548225150852007,-0.4138545930355976,0.06972016672681305,0.4835747597624106
10.323529701331916,4.965372230107398,2.029411821629351,1.0993849209934974,2.7310228599507242,0.29027318992321577,-0.10269084387476236,0.979019765526366,2.927829649879028,1.948809884352662
1.4727273748728926,3.766976501606716,0.8181818749293848,-0.8093651809442663,0.08975046335429361,-0.4522207333909262,0.12351741971847849,-1.0550616968972406,0.009835977822484028,1.0648976747197247
1.479452132104959,3.19462278678015,1.1095890990787192,-0.8079149303818013,0.03473538541183271,-0.8068357784367567,0.1856337027965177,-0.5656863852370253,0.5408372218026138,1.1065236070396391
5.361702127659575,5.87838844847172,1.446808510638298,0.029324994479044807,-0.1586554684485799,0.8559536057495484,0.0465778094755588,0.0006237160708053614,-0.10881456294931166,-0.10943827902011702
21.0,11.445764334996545,3.0,3.4018557049129488,0.3229437445035258,4.305350717438279,0.23240587554177577,2.6089789872663465,0.041754430303907734,-2.567224556962439
3.658064696185928,3.896302007988764,1.2483871582221815,-0.33807877311716145,0.25089842210847735,-0.37209411049455615,0.3359101398106798,-0.3325955836982261,0.40666791965620996,0.7392635033544361
2.733126833889306,3.5716145636157717,1.0196433464535357,-0.5375494170007081,0.16883247398764992,-0.5732617621224197,0.4100727513517463,-0.7167369669511723,0.3969846958154745,1.1137216627666469
5.585334288959473,5.075216254429767,1.499812563267141,0.07755315447327188,0.0018261440987259994,0.3583296078760467,-0.1328300457537035,0.08963617912903733,-0.08906354778892374,-0.17869972691796107
2.767080876466781,1.9198843613004208,0.9875776865504337,-0.5302269416091598,-0.3054089342601363,-1.5966295938051476,-0.6537734203170932,-0.7705864978077905,-0.5338556025951016,0.23673089521268897
4.88571464071471,4.207669176482296,1.419047722156904,-0.07332571793276367,-0.05529575426524693,-0.17917934533996147,0.10814063446879457,-0.045996420251050184,-0.10443664571428384,-0.05844022546323365
1.8493151651311988,2.82475975375391,0.9452055288448348,-0.7281508507026783,0.09726516194744336,-1.0359930158579052,0.4891331623886666,-0.841744266608563,-0.22192361040465908,0.6198206562039039
4.500000536441867,3.6749310687184416,1.1250001341104667,-0.15650821469339005,0.10282345088461668,-0.5092496203962794,0.4132583517605748,-0.5398058323657516,0.46231773758398553,1.0021235699497373
4.932692669552486,4.2951233961173125,1.2115385504164,-0.06319451015910477,0.243981659621186,-0.12499505120164772,0.45705606722701875,-0.3944773677955149,0.2688917351948493,0.6633691029903642
3.807692307692308,4.304738693970901,1.2307692307692308,-0.305810317876475,0.05662075849891695,-0.1190376699649199,0.2366685404908943,-0.3621822858236219,-0.1247090180275017,0.23747326779612019
2.7870969113797543,3.828560069170506,1.2000000590662832,-0.5259103150174311,-0.3196392689831934,-0.41406520295581073,-0.16691983578395236,-0.4138545565973219,-0.3385810633020529,0.075273493295269
6.593023840706745,5.972896371705287,1.5697675811206535,0.2948698974841553,-0.18190851830506125,0.9145081858745584,-0.08874216666275349,0.20711527994472234,-0.36332665386234236,-0.5704419338070648
3.185982803660791,5.286960018241605,1.2983981777752855,-0.43988721118232715,-0.0543586031566647,0.48952037749490307,0.09563315726601249,-0.2486094767933973,-0.4297973038683562,-0.1811878270749589
3.182926829268293,3.341411973451206,0.9014227874072283,-0.4405462578108754,-0.9865855966799273,-0.7158891265759041,-0.10269073099323073,-0.9152709020545918,4.5610368266257275,5.476307728680319
5.866084923811528,2.6728825785988,1.3147856457788325,0.13809939459106968,-0.5931878722329588,-1.1300920492246807,0.4160685623897339,-0.22108914923470965,-0.005890974586103278,0.21519817464860638
4.777974821649456,3.1732538184254335,1.042895495078181,-0.09656071777100243,-0.20117541316683915,-0.8200754193780004,-0.1325599255634579,-0.6776884240978759,-0.2609463233565007,0.4167421007413752
4.8331896567742465,4.397965159194756,1.3284833452029337,-0.08465317331507691,-0.10144081046757464,-0.061277046929846694,1.4755065688729867,-0.19808588998379184,0.750222313366915,0.9483082033507069
4.4632661694878415,2.947818129377063,1.6867350463012,-0.1644302904648153,-0.1653172060407311,-0.9597493394661228,-0.5684218329299472,0.4035448293285141,-0.5406270631520502,-0.9441718924805643
4.28003256096348,4.288090256006878,1.219319383467483,-0.20394616213938058,0.08556172436369576,-0.12935259660140286,-0.13603304234375835,-0.381410610063392,-0.16989307156400968,0.21151753849938232
7.714285977032729,6.491462807022799,1.7142857726739398,0.5366795253653622,-0.9865855966799273,1.2357980719288453,-1.1548225150852007,0.4498121974230521,-1.9717862731934928,-2.4215984706165448
23.142857142857142,8.379518563406808,4.571428571428571,3.863980904301851,-0.21565301722985886,2.405586892644435,-0.21882838692623321,5.247960739141287,-0.49004768250630193,-5.738008421647589
4.6492529055077,3.301367935060997,1.2618401530113275,-0.12432068364694353,0.4410673721474782,-0.7406993411507565,0.25579756417642857,-0.31000326967128305,0.31118881083876543,0.6211920805100485
13.500014081612017,3.1700341224670416,3.0000031292471148,1.784420543870079,-0.9865855966799273,-0.8220702568320825,0.9823214089338951,2.608984242373822,0.06972229618619201,-2.53926194618763
4.028564843612016,3.8822459732677777,1.3460461082442854,-0.2581772943491421,1.137761890229719,-0.38080285345651743,0.5768107985206061,-0.1685918283246631,1.1131567915749694,1.2817486198996324
9.185690031235268,6.863005453574162,2.102831619070094,0.8540002082660231,-0.3227270070206628,1.4659959529423068,-0.07803154633981779,1.102317450954305,-0.5427317652492787,-1.6450492162035837
4.213019606227103,3.7961837006424908,1.2265800707405032,-0.21839807050500154,-0.15676233134223463,-0.43412473447726085,-0.2946814126506538,-0.3692173601963921,-0.3859731810286405,-0.016755820832248358
5.8544120002637605,5.619530993339876,1.659028590270724,0.13558203026748683,0.10682867367193272,0.6955724537903206,-0.1781194003110382,0.3570159363180721,0.06972039577769264,-0.2872955405403795
1.96875050291449,4.598271743208137,1.4375003352763267,-0.7023936137019922,0.2880229440883177,0.06282755215431503,-0.6550599951534908,-0.015007987062327234,0.47802154816362624,0.4930295352259535
4.190784015776537,4.056075457674843,1.231718218335251,-0.22319336295123382,-0.2911146932273645,-0.2731027567392562,-0.05102370306703248,-0.3605886016339505,-0.22192361040465908,0.13866499122929143
5.4729735372361406,4.95381809015882,1.5810812440904405,0.053321611569577015,-0.2278899622766906,0.28311455400945656,-0.004053473662128436,0.22611490275098758,0.06972044486003096,-0.15639445789095663
4.764706416938604,2.1112104742584625,1.9411766883823944,-0.09942216105153759,-0.2600988120402873,-1.4780890542620109,0.1494857390904226,0.8308419159272021,0.08897973560529202,-0.7418621803219101
4.8483482868850185,4.839848509251374,1.3428230400090952,-0.08138408699928878,-0.15615882875832565,0.21250205159983232,-0.14573262039654922,-0.17400449448866329,-0.3237337559718536,-0.14972926148319032
5.30357169131847,6.352736464325314,1.750000102179405,0.016788676052852895,-0.9865855966799273,1.1498469424256172,-0.058852063435955636,0.5097891289610157,-0.15711388215322103,-0.6669030111142367
0.0,6.170034122467041,2.0,-1.1269712490982937,-0.9865855966799273,1.036649460676621,-0.004053026419137384,0.9296269633459294,4.152739434945562,3.223112471599632
11.250011399399863,7.714014035467954,2.000002026559976,1.2991885060700794,-0.9865855966799273,1.993258096587344,-0.004053423268592531,0.9296303666535265,-0.4406560782033779,-1.3702864448569043
27.000028163224037,10.714017298825796,4.500004693870673,4.695812336838452,-0.9865855966799273,3.851979835985237,0.4891331623886666,5.128014905808186,0.750222313366915,-4.377792592441271
27.000028163224037,10.714017298825796,4.500004693870673,4.695812336838452,-0.9865855966799273,3.851979835985237,-1.8124047860747476,5.128014905808186,-0.6107819799132889,-5.738796885721475
0.0,2.0140118503523565,1.799996438033477,-1.1269712490982937,2.1999368492463884,-1.5383107205183417,4.237353913133423,0.5937505767661565,2.11122816419352,1.5174775874273636
6.973728665730817,5.30619532607831,1.6389489410838247,0.37697210096468625,12.290600045689205,0.5014380594777139,12.32562741549377,0.3232951368164408,10.277265143084616,9.953970006268175
7.335151059087573,5.904625532942557,2.235408822492159,0.4549158855750354,-0.9865855966799273,0.8722094011615101,-1.3042731711549296,1.3249612458468587,-1.9717862731934928,-3.2967475190403515
0.0,5.214009475708008,3.0,-1.1269712490982937,-0.9865855966799273,0.4443221735581849,-0.8260313795904273,2.6089789872663465,0.750222313366915,-1.8587566738994314
5.87564673932379,6.214009001341584,1.507771782313248,0.14016148067779435,-0.9865855966799273,1.0638951188230108,-0.8260313795904273,0.10300250974294282,-1.9717862731934928,-2.0747887829364355
3.092941036542358,3.151605382828709,1.2761225782723438,-0.45995245226684117,0.08903343597256437,-0.8334882107436168,0.5390761697199411,-0.2860180499027032,0.09556212022337728,0.3815801701260805
3.9130434782608696,3.85608374968819,1.3043478260869563,-0.28309045021421125,-0.2579602814504297,-0.39701226706360093,-0.3408639650612106,-0.2386179228595783,-0.30372605565928257,-0.06510813279970426
6.845069503103242,5.146346801984112,1.8591546798552017,0.3492256684128637,0.09176342320898005,0.40240019162819723,0.3188961593742488,0.6930980899010433,-0.08572441301579893,-0.7788225029168422
6.749999195337392,6.3104312002659295,1.7999997854233043,0.3287229554444767,-0.27846976771004517,1.1236357329384201,-0.431482016996699,0.5937561982120378,-0.4746815505852684,-1.0684377487973062
