PlayerId,Name,ERA_avg,FIP_avg,WHIP_avg,ERA_2023,FIP_2023,WHIP_2023,z_scores_era_avg,z_score_era_2023,z_scores_fip_avg,z_score_fip_2023,z_scores_whip_avg,z_score_whip_2023,zscore_difference_era,zscore_difference_fip,zscore_difference_whip
1943,Zack Greinke,3.381561542346249,3.7803524530220365,1.1219969393488605,5.530120609010457,5.1410634068519405,1.2740964148210367,-0.3977090081637451,0.10118271980698085,-0.44393335184556126,0.11775764697156274,-0.5448492535668823,-0.23773558256914618,0.49889172797072595,0.561690998817124,0.3071136709977361
2036,Clayton Kershaw,2.9022380615341965,3.1556742774225763,1.0128312767352752,2.515528069515255,3.755053508804609,1.0155279984339365,-0.5010791557633695,-0.4917841399460933,-0.830967232540255,-0.33795012121441464,-0.7281768300196201,-0.589648307378653,0.009295015817276153,0.4930171113258403,0.13852852264096704
2233,Adam Wainwright,3.8549656921782285,3.9891320708101423,1.3075039546084286,8.612069531938587,6.024891962137586,1.991379441319133,-0.29561541416851433,0.7073985021408942,-0.31457908778000016,0.40835264124663523,-0.23331767203929085,0.7384896959917812,1.0030139163094085,0.7229317290266354,0.971807368031072
2429,Corey Kluber,4.213118859198471,3.6482838304592797,1.2989544200356973,6.264000382324242,6.582581638305676,1.5360000937500058,-0.21837666576538264,0.24553602093040297,-0.5257595361194315,0.5917160631276541,-0.2476753502275848,0.11871644887906077,0.4639126866957856,1.1174755992470855,0.36639179910664554
2520,Lance Lynn,4.011501845838817,3.4636028607372658,1.2834267981917313,6.4679667112720605,5.209300140311126,1.462395574254019,-0.2618570735982611,0.2856559615150775,-0.6401829227430766,0.14019328004806259,-0.2737516933979199,0.01854038184019613,0.5475130351133386,0.7803762027911392,0.292292075238116
2520,Lance Lynn,4.011501845838817,3.4636028607372658,1.2834267981917313,2.032258064516129,4.689936274866904,1.064516129032258,-0.2618570735982611,-0.5868427900033809,-0.6401829227430766,-0.030568955006298016,-0.2737516933979199,-0.5229752513145661,-0.3249857164051198,0.6096139677367787,-0.24922355791664624
3137,Max Scherzer,2.4953834099799423,2.655163053896846,0.9115233138885056,2.641304402585743,2.585798813264627,0.9130434971901332,-0.5888207896835485,-0.4670440809580377,-1.1410705925408153,-0.722390700243601,-0.898308562465597,-0.7291301535661496,0.12177670872551077,0.41867989229721436,0.16917840889944735
3137,Max Scherzer,2.4953834099799423,2.655163053896846,0.9115233138885056,4.012383995702974,4.719497879049968,1.1888545172453255,-0.5888207896835485,-0.19735431355139965,-1.1410705925408153,-0.02084936159990115,-0.898308562465597,-0.35375017113704055,0.3914664761321488,1.120221230940914,0.5445583913285564
4676,Charlie Morton,3.4662113024866965,3.4595234434118147,1.130755530506815,3.367059065304678,3.877640303277148,1.3835295111105177,-0.3794535740982858,-0.32428897967471104,-0.6427104205493308,-0.29764466986312416,-0.5301404957790797,-0.08879666869221665,0.05516459442357474,0.34506575068620665,0.4413438270868631
4806,Rich Hill,3.5734404926591745,4.1156260778610445,1.1870519812254297,4.764705882352941,4.447052024392521,1.4789915966386555,-0.3563286956835279,-0.049373470102142145,-0.23620678609593454,-0.11042714351356726,-0.43559893732523836,0.04112763955706097,0.3069552255813857,0.1257796425823673,0.4767265768822993
4806,Rich Hill,3.5734404926591745,4.1156260778610445,1.1870519812254297,9.52941203199869,8.388228638526893,1.5000000420738682,-0.3563286956835279,0.8878387090518287,-0.23620678609593454,1.1853967906331195,-0.43559893732523836,0.06972022398952826,1.2441674047353566,1.421603576729054,0.5053191613147666
5448,Jesse Chavez,8.857143228232504,3.4845391924635405,1.7222223170850768,0.0,3.2705814361572267,0.8571429739193199,0.7831463217377783,-0.9865855966799273,-0.6272113318791,-0.49724024409565376,0.46314044934282933,-0.8052110057343366,-1.7697319184177056,0.1299710877834463,-1.268351455077166
5524,Madison Bumgarner,4.17877597876383,4.343505664389515,1.2469145904738301,10.260000391387956,8.070581619262702,2.4000000915527377,-0.22578299731732496,1.0315445928697942,-0.095018692529868,1.080957266482716,-0.33506854332677993,1.2946241552826656,1.257327590187119,1.175975959012584,1.6296926986094455
6562,Alex Cobb,5.8346649275852736,5.601672696846224,1.460855889939124,3.740554299940376,3.958238893317983,1.3753149143215118,0.13132340764800346,-0.2508228997607227,0.684507931185698,-0.27114456792432023,0.02421421093042528,-0.09997677018961951,-0.3821463074087261,-0.9556524991100181,-0.12419098112004479
6632,Carlos Carrasco,4.578943655390903,3.9671456417068796,1.2964270809058052,6.8,5.870581436157227,1.7,-0.1394834658871943,0.3509665247076278,-0.3282012908772807,0.3576167081907574,-0.2519196423105024,0.3419210253828538,0.4904499905948221,0.6858179990680382,0.5938406676933562
6893,Johnny Cueto,3.9154813306459513,4.570516496817334,1.2361976677099553,6.136363902367847,6.5773997613221225,1.159090959336149,-0.2825647068050942,0.22043007320509186,0.04563114424401585,0.5900123079102373,-0.3530660292604919,-0.3942585012347239,0.502994780010186,0.5443811636662215,-0.04119247197423198
6895,Chase Anderson,5.274245666426228,5.316858934836605,1.310175802463364,6.628742817804157,6.378366009274082,1.562874322896915,0.010464271672567598,0.3172804353916123,0.5080449460973281,0.5245717745725768,-0.22883069893649757,0.1552923901266003,0.30681616371904474,0.016526828475248667,0.3841230890630979
6902,Martín Pérez,4.856369073347199,4.699321761114709,1.52647611762257,4.984615618643687,5.319812301599631,1.523076994585571,-0.07965433681251292,-0.006117479765456084,0.12543543906683274,0.17652869904409174,0.13441367310073907,0.10112805543377935,0.07353685704705684,0.051093259977259,-0.03328561766695971
7048,Fernando Cruz,0.0,2.212430658340323,0.0,0.0,-2.729419994354589,0.750000178813977,-1.1269712490982937,-0.9865855966799273,-1.4153757369410727,-2.469987527403899,-2.4290770844949043,-0.9510328098667495,0.14038565241836642,-1.0546117904628263,1.4780442746281548
7593,Jordan Lyles,4.482371393487179,4.81404906271852,1.351180964804828,6.512880794797832,5.827958576725091,1.3067916157846782,-0.16031008792145227,0.2944905097062648,0.19651740494268966,0.34360268984003134,-0.15996859656717471,-0.19323727368797114,0.4548005976277171,0.14708528489734168,-0.033268677120796425
8700,Justin Verlander,2.284965184208237,2.8464406424184463,0.8443770536759944,2.793103448275862,3.305064194777916,1.2413793103448276,-0.6341992531354591,-0.43718538454812217,-1.0225601174399437,-0.4859026187337652,-1.0110707704521646,-0.2822637022249638,0.19701386858733694,0.5366574987061785,0.7288070682272009
8700,Justin Verlander,2.284965184208237,2.8464406424184463,0.8443770536759944,3.1484098091149804,3.811217463985052,1.1448762942236292,-0.6341992531354591,-0.36729703503593764,-1.0225601174399437,-0.31948391061675924,-1.0110707704521646,-0.4136047214804035,0.26690221809952147,0.7030762068231844,0.5974660489717611
8779,Wade Miley,3.3142876312660237,4.017715863741318,1.292591290876994,3.182509598025176,4.548148013142244,1.174904977048721,-0.4122171939638346,-0.36058964606598176,-0.2968693346058792,-0.07718767857857903,-0.25836128405872,-0.3727355552339041,0.051627547897852843,0.2196816560273002,-0.11437427117518412
9132,Nathan Eovaldi,4.2461620069446955,4.197879217379641,1.2523371681321318,2.6927224273418915,3.2382364220149817,1.0107816919451544,-0.2112506325197409,-0.4569302150624282,-0.1852449420125314,-0.507874998023077,-0.32596212656144535,-0.596108050887109,-0.2456795825426873,-0.3226300560105456,-0.2701459243256637
9323,Patrick Corbin,4.632438497684602,4.049696056374525,1.349409078059229,4.70089301725432,5.232635074412947,1.473214335891667,-0.12794685237860942,-0.061925386732212435,-0.2770552630668569,0.147865599528096,-0.1629442181595544,0.0332647628770103,0.06602146564639699,0.4249208625949529,0.1962089810365647
9434,Dallas Keuchel,7.131886356498821,4.842052207873589,1.7280783056051867,4.8461542016656,3.962889179252313,1.461538568756292,0.4110801396758441,-0.03335268006095127,0.21386740429335152,-0.26961559513159644,0.4729747155161307,0.01737399367842518,-0.4444328197367954,-0.483482999424948,-0.4556007218377055
9803,Miles Mikolas,3.6276300087987727,3.9600521813314193,1.1341636712231333,4.661052781309518,4.015844617992624,1.3010526733736596,-0.3446422699064879,-0.0697619149828817,-0.3325962090990256,-0.2522043162975458,-0.5244170277693251,-0.20104799894825526,0.2748803549236062,0.08039189280147979,0.3233690288210698
10123,Kyle Gibson,4.201790218199908,4.046083727022892,1.293039792895493,4.88842120966608,3.8453182967252015,1.320000042403373,-0.2208197826561736,-0.025038808558635543,-0.2792933656641952,-0.30827185909880805,-0.2576080912862213,-0.1752605483524508,0.19578097409753806,-0.02897849343461284,0.0823475429337705
10310,Zack Wheeler,3.219372883401742,3.051849229194993,1.1076820720778475,3.588607594936709,3.0110877652711507,1.0759493670886076,-0.4326863591286413,-0.2807106405865321,-0.8952944539775554,-0.5825594627999937,-0.56888895489061,-0.5074145652337798,0.15197571854210917,0.31273499117756165,0.061474389656830164
10314,Erasmo Ramírez,7.751824455336472,7.899204815012685,1.4507298489613945,8.526316217438357,4.375844649528866,1.57894744767377,0.544775014525103,0.6905309245341592,2.107997347734211,-0.1338394971505904,0.007209023520174146,0.17716798195432817,0.1457559100090562,-2.2418368448848014,0.16995895843415404
10591,Scott Alexander,3.3750083483962094,1.9248909381232961,1.0961557267467006,9.000002861023859,1.7705809593199169,1.6666671964858997,-0.3991222596587833,0.7837045385048561,-1.5935276527858475,-0.9904271041176946,-0.5882457462508772,0.2965549366930978,1.1828267981636393,0.6031005486681529,0.884800682943975
10603,Chris Sale,3.2115795778765976,2.8648937616153844,1.0853733743015146,4.684931506849315,3.695238970403802,1.1369863013698631,-0.434367051134504,-0.06506499733556013,-1.0111270586063146,-0.35761661121431165,-0.6063531116523236,-0.4243430356283293,0.3693020537989439,0.6535104473920029,0.18201007602399433
10954,Jacob deGrom,2.07018470620798,2.0071294961121224,0.7958731265800822,2.670329782269228,1.5562956500090803,0.7582417900270646,-0.6805184730384582,-0.4613348224036664,-1.542574843028076,-1.0608822142858532,-1.0925259385887731,-0.939815941622191,0.21918365063479184,0.48169262874222274,0.15270999696658216
11156,Merrill Kelly,4.076867997554069,4.09015557264647,1.2479292708017422,2.97066025752733,3.9160582328545233,1.129584394220269,-0.24776031218073627,-0.4022601658891359,-0.2519876295150138,-0.28501319517402063,-0.33336453786446857,-0.4344170630373883,-0.1544998537083996,-0.03302556565900683,-0.10105252517291974
11189,Vince Velasquez,5.905569733665205,5.521897759363275,1.4047640901708873,3.857142988516365,3.886652885711924,1.3125000447034851,0.14661462655008597,-0.22789003979975112,0.6350815147648377,-0.2946814126506538,-0.06998366653570169,-0.18546807742159,-0.3745046663498371,-0.9297629274154915,-0.1154844108858883
11423,José Quintana,4.511506456301921,3.766440437246854,1.427315650095172,3.731707317073171,3.368142411766984,1.3902439024390243,-0.1540268661222992,-0.2525630910404153,-0.45255286452276916,-0.46516306014494385,-0.032111658734291615,-0.0796583532673558,-0.09853622491811609,-0.012610195622174691,-0.04754669453306419
11486,Robbie Ray,3.7050952775097197,4.113284006254741,1.2319911619629917,8.10000077247627,5.970581693649317,2.70000025749209,-0.32793623195706595,0.6066751704474946,-0.23765787098741914,0.39049590640135123,-0.36013023320028803,1.7029256691108978,0.9346114024045606,0.6281537773887704,2.063055902311186
11589,José Ureña,4.94639178038212,4.632436911363356,1.4560017402032925,9.818182499152616,10.961491060493444,2.236363791473652,-0.06024018147476025,0.9446395253659182,0.08399537605501667,2.0314626642775324,0.016062384747144016,1.0719144483385419,1.0048797068406785,1.9474672882225157,1.055852063591398
11674,Jameson Taillon,3.8782096215001554,3.909943570231954,1.1590932198099217,5.602305598680691,4.63657570250221,1.3487031996823886,-0.29060266494802506,0.11538142364018085,-0.3636421635882096,-0.04811343818473677,-0.4825515398946796,-0.13619542806501375,0.4059840885882059,0.3155287254034728,0.34635611182966586
11760,Drew Smyly,5.141243062649144,5.510027572703966,1.4495843556435,5.4000002423454845,5.326463881363923,1.4382353586639116,-0.018218860562638797,0.0755881944439719,0.627727064766782,0.17871567950762718,0.005285336998380728,-0.014341775304515194,0.0938070550066107,-0.4490113852591548,-0.019627112302895922
11762,Noah Syndergaard,4.8818964828389335,4.356104212551701,1.2937382370740242,5.40000020599366,7.350581591796881,1.2900000492095969,-0.07414913585192968,0.0755881872936101,-0.0872129692361889,0.8442276398959606,-0.2564351576414096,-0.21609066788755715,0.14973732314553978,0.9314406091321495,0.040344489753852464
11762,Noah Syndergaard,4.8818964828389335,4.356104212551701,1.2937382370740242,7.156626670484122,5.529617632648426,1.445783165754368,-0.07414913585192968,0.421114577597248,-0.0872129692361889,0.24551083207248184,-0.2564351576414096,-0.004069177449553217,0.4952637134491777,0.33272380130867074,0.2523659801918564
11836,Taijuan Walker,2.845727735707701,3.3658187643876953,1.2265407617711404,4.017073469735008,4.573020557492074,1.2878049739041193,-0.5132660837054167,-0.19643189944261452,-0.7007673320576491,-0.0690098064791542,-0.3692833737936499,-0.21907817480238548,0.3168341842628022,0.6317575255784948,0.15020519899126442
12049,Kyle Hendricks,4.117666319715337,4.275435924238128,1.2290571382652664,3.795527341581952,3.970261981448849,1.1405751354753846,-0.23896181022443225,-0.2400097661626615,-0.13719288192489407,-0.26719148312561897,-0.3650574918352935,-0.4194586170028442,-0.0010479559382292614,-0.1299986012007249,-0.05440112516755069
12304,Chris Bassitt,3.426270965031918,3.91938129133586,1.1880574070184855,4.004237417584352,4.637106904062997,1.2266949549107615,-0.3880670444229289,-0.19895673602854858,-0.3577948041534835,-0.047938783820388936,-0.4339104734847682,-0.3022491730147802,0.1891103083943803,0.30985602033309456,0.13166130046998797
12718,Adrian Houser,4.242439570441312,4.279245178102436,1.3674361119670302,4.746094032889249,4.137768987845632,1.4882813387084806,-0.21205340731836558,-0.053034399327599104,-0.13483277016936515,-0.21211666428909037,-0.1326704822812064,0.05377101839755856,0.1590190079907665,-0.07728389411972522,0.18644150067876497
12730,Nick Martinez,4.299363161788337,5.15701703860255,1.5477707382438013,3.228260936493686,4.86840755623996,1.1739130678158858,-0.1997773551844833,-0.3515904107976177,0.40901118469258857,0.028110820249556426,0.17017483733962116,-0.3740855479583371,-0.1518130556131344,-0.38090036444303216,-0.5442603852979583
12768,Sonny Gray,3.8510957053434405,3.768062674560197,1.231642759995246,3.06,2.8572481028238936,1.1933333333333334,-0.2964500094394218,-0.38468714205552745,-0.4515477696958395,-0.63314058010016,-0.36071532274995977,-0.34765448321244946,-0.08823713261610566,-0.18159281040432057,0.013060839537510305
12777,John Brebbia,0.8181818181818182,2.3851582743904807,1.0,1.0000001059638242,3.8261370505815737,1.1111112288486935,-0.9505234456952583,-0.789886734456443,-1.308358328370839,-0.3145784827985762,-0.7497250605744874,-0.45955912041857777,0.1606367112388153,0.9937798455722628,0.29016594015590963
12808,Mike Clevinger,3.3251921044530888,3.685466892165195,1.12854321356767,3.317406229726283,4.345666788383337,1.2286689739726977,-0.409865552435793,-0.33405563490423895,-0.5027219061360557,-0.14376171038343255,-0.5338557547083863,-0.29956252459646815,0.07580991753155403,0.35896019575262317,0.23429323011191816
12857,Shawn Armstrong,1.1739131408287662,3.634170175364882,0.7826087605525108,0.0,1.179672345248136,0.9090909090909092,-0.8738069884386122,-0.9865855966799273,-0.5345039791227897,-1.1847126183119983,-1.1148014785231963,-0.7345096429387619,-0.11277860824131514,-0.6502086391892086,0.38029183558443447
12880,Tyler Anderson,5.610861120450229,4.871387916131531,1.3893043495214958,5.466257796638764,4.3656734863256,1.5460123061200548,0.08305823078307381,0.08862097860616715,0.23204302408205793,-0.13718368544949477,-0.09594601328454203,0.13234311289993064,0.005562747823093336,-0.3692267095315527,0.22828912618447267
12970,Joe Musgrove,3.6872838215433053,3.6855247228683377,1.1508244905164522,3.051370022466478,3.5377047377872888,1.1404110184975724,-0.33177742252234604,-0.3863846486375112,-0.5026860757799861,-0.4094124704355928,-0.49643764716891775,-0.4196819809142467,-0.054607226115165164,0.09327360534439333,0.07675566625467106
13050,Anthony DeSclafani,4.654253120280356,4.430657441538861,1.3946020110894264,4.720279972118029,4.256595474777438,1.2062937706523853,-0.12324234519750296,-0.05811199517262441,-0.0410217836620638,-0.1730475687239272,-0.08704937460839245,-0.33001527237843076,0.06513035002487855,-0.1320257850618634,-0.2429658977700383
13074,Yu Darvish,4.061880437732253,4.063350557526918,1.141636478364897,4.555012394875241,4.040752614034683,1.298288556993426,-0.25099250574720755,-0.09061993613404701,-0.26859529955862405,-0.24401478799597778,-0.5118675539714375,-0.20480997320887942,0.16037256961316054,0.024580511562646262,0.30705758076255807
13125,Gerrit Cole,3.0251087273484414,2.9321905329016427,1.0008830529397417,2.946428571428572,3.401533817109608,1.0416666666666667,-0.4745810613254238,-0.40702651046945815,-0.969431780034834,-0.45418426206657614,-0.7482421038329033,-0.5540734676932803,0.06755455085596568,0.5152475179682579,0.1941686361396231
13164,Eduardo Rodriguez,4.106045452412702,3.8233569892183112,1.3320960922133867,3.2124646586661765,3.381063024947333,1.1133144716541512,-0.24146794818010656,-0.35469752034441365,-0.4172888920554504,-0.4609148770660882,-0.19201881597987516,-0.45656049750121114,-0.1132295721643071,-0.0436259850106378,-0.26454168152133595
13183,Zach Davies,4.546937800519121,4.806841063346398,1.3800394859676186,6.930481848934549,4.698389039294206,1.6042782057718863,-0.1463857981838371,0.3766321532142419,0.19205152142377171,-0.027789760992175554,-0.11150498064509226,0.21164325247790683,0.523017951398079,-0.21984128241594728,0.3231482331229991
13273,Ross Stripling,3.648904776508929,3.8376625060653016,1.1421842335111352,4.925675802634879,4.628689579270548,1.2364865183569036,-0.3400541869804839,-0.017710873285569924,-0.40842557664456575,-0.05070632559672671,-0.5109476802579894,-0.28892281312665535,0.322343313694914,0.357719251047839,0.22202486713133407
13345,Luis Cessa,5.3977286502574255,5.035421588016984,1.4747478397340963,9.360000714111385,5.510581607055677,2.2000001678466923,0.037094417650494434,0.8545156991066482,0.3336738975050061,0.2392519556025343,0.047543684934812876,1.0224234004630246,0.8174212814561537,-0.0944219419024718,0.9748797155282117
13361,Steven Matz,4.4321874295241255,4.237204964882563,1.3059670457888855,4.044943820224719,3.955974694584193,1.3707865168539326,-0.17113268261930975,-0.19094983379241925,-0.16087976124938114,-0.27188901639698876,-0.2358986829759718,-0.10613993858467394,-0.019817151173109504,-0.11100925514760762,0.12975874439129786
13431,Marcus Stroman,3.758625367481737,3.7663516893139914,1.2939178303188366,3.847150563227249,3.589234311091201,1.2357513930366313,-0.31639201698964126,-0.22985553827670166,-0.45260785036700246,-0.3924700035174383,-0.2561335573622516,-0.28992332184364494,0.0865364787129396,0.060137846849564136,-0.03378976448139337
13543,Blake Snell,3.4386501230081703,3.2210481357457277,1.1923916380836315,2.7253521126760565,3.78466594319948,1.267605633802817,-0.3853973746938425,-0.4505119937625869,-0.7904633393819677,-0.3282138152849605,-0.4266317737733766,-0.24656956340168493,-0.06511461906874438,0.46224952409700715,0.18006221037169165
13619,Jakob Junis,4.759951959030483,4.192544458908371,1.31856945639342,0.0,2.5782736930621413,0.6923077430950857,-0.10044749996230007,-0.9865855966799273,-0.18855021559876353,-0.7248648930597108,-0.2147347992209705,-1.0295524625699528,-0.8861380967176272,-0.5363146774609473,-0.8148176633489823
13743,Max Fried,3.041256552075902,3.158163192433546,1.1981998664078095,2.850931812117289,3.177413729878884,1.2111801816184562,-0.4710986468552156,-0.4258106123815822,-0.8294251674048907,-0.5278729600343536,-0.4168777137817763,-0.3233648460748768,0.04528803447363339,0.3015522073705371,0.09351286770689948
13767,JT Chargois,6.75,4.862431001663208,1.25,0.0,1.2705814361572267,1.0,0.3287231289767485,-0.9865855966799273,0.2264935595719544,-1.1548225150852007,-0.3298870545943832,-0.6107819799132889,-1.3153087256566758,-1.3813160746571551,-0.28089492531890564
13774,Zach Eflin,4.281156037930661,4.044552192326137,1.2755922238421085,3.554272642572509,3.1320133019438736,1.0392610066001489,-0.20370387486456265,-0.28746428593542567,-0.2802422635771645,-0.5428002182870543,-0.286908701688514,-0.5573475813719838,-0.08376041107086302,-0.2625579547098898,-0.2704388796834698
13781,Alex Wood,4.594663034722975,4.2944070764199225,1.260143364782367,5.400000457763711,5.648359415501741,1.555555687421645,-0.13609344927674594,0.07558823681648744,-0.12543886371684065,0.28455207768749696,-0.3128527744177521,0.14533169582380487,0.21168168609323337,0.4099909414043376,0.45818447024155695
13896,Chris Flexen,8.251957791951467,6.184794157183077,1.9573375185367548,10.384616146426286,6.905197087406426,2.0192309173606664,0.6526329828804158,1.0560563675035926,1.045794383195891,0.6977891629656461,0.8579816387551613,0.7763956744584988,0.40342338462317673,-0.3480052202302448,-0.08158596429666254
13896,Chris Flexen,8.251957791951467,6.184794157183077,1.9573375185367548,5.869565339079428,6.0097119277276265,1.5652174237545142,0.6526329828804158,0.16795110492427173,1.045794383195891,0.40336158049613496,0.8579816387551613,0.15848136045338126,-0.4846818779561441,-0.6424328026997559,-0.6995002783017801
14078,Michael Wacha,3.9273535850312924,4.483150805396643,1.2853090142952224,2.8421054058127857,3.842949885938969,1.105263213371639,-0.2800043551067508,-0.4275467562752317,-0.008498300181790925,-0.30905057157053156,-0.2705907899750666,-0.46751829459001815,-0.14754240116848089,-0.30055227138874063,-0.19692750461495157
14107,Kevin Gausman,5.523762910352679,4.276470420105404,1.2974174734329222,3.232816073899908,2.858164570762588,1.1574279770752758,0.06427476785279194,-0.35069442054748473,-0.1365519359694984,-0.6328392535659523,-0.25025642461561265,-0.39652182723142104,-0.4149691884002767,-0.49628731759645384,-0.1462654026158084
14168,José Berríos,3.962631544855607,3.8340251536770444,1.1848072568098822,3.5526315789473686,4.046897225630911,1.2171052631578947,-0.2723963658050898,-0.2877870812491225,-0.4106791828457594,-0.2419944941720797,-0.4393686198156315,-0.3153007846616657,-0.015390715444032699,0.1686846886736797,0.1240678351539658
14361,Ty Blach,7.490689824846268,5.210622825958102,2.034512371245859,2.8557694402672285,4.510966142535922,1.2115385504164,0.4884591310398745,-0.42485905652945927,0.4422238960027027,-0.08941274803505124,0.9875853838479552,-0.3228771046022976,-0.9133181875693337,-0.5316366440377539,-1.310462488450253
14374,Tyler Glasnow,2.498226002758767,3.093672943594653,0.9544341710843193,3.11538470680192,3.1090429698786086,1.0500000308110171,-0.5882077605980238,-0.37379303439738987,-0.8693815997728552,-0.5503526598494848,-0.8262461275856473,-0.5427317233153521,0.21441472620063395,0.31902893992337045,0.2835144042702952
14444,Hyun Jin Ryu,3.579208709414989,3.7242171200637353,1.1433954009149492,2.25,3.8539147694905607,1.0,-0.3550847311349416,-0.5440132035737509,-0.4787133019183981,-0.3054454150570357,-0.5089137038270879,-0.6107819799132889,-0.18892847243880934,0.1732678868613624,-0.10186827608620097
14739,Paul Blackburn,8.077656224043945,5.537192141267544,1.7377954975517764,3.980079802253383,3.2825336277555848,1.4462151834013792,0.6150433810296536,-0.20370851097466647,0.644557504502362,-0.49331046944837853,0.4892933014784593,-0.0034811995771981985,-0.8187518920043201,-1.1378679739507405,-0.4927745010556575
14765,Julio Urías,2.793549256797833,3.2961838319722965,1.0329440876938663,4.406528389431119,4.436753595784452,1.1127596943007876,-0.5245188123580985,-0.11982656796844493,-0.7439112726936117,-0.11381317554942605,-0.6944003402295814,-0.45731555186095363,0.40469224438965357,0.6300980971441856,0.23708478836862779
14843,Michael Lorenzen,3.436526844478863,4.503699917750177,1.37163890415298,3.577287152342382,3.876259684172868,1.09779182452835,-0.38585527760024246,-0.28293735852875096,0.00423337992114777,-0.29809860518610615,-0.12561251471761473,-0.47768688688250016,0.1029179190714915,-0.3023319851072539,-0.35207437216488546
14843,Michael Lorenzen,3.436526844478863,4.503699917750177,1.37163890415298,4.153846153846154,5.155196820772611,1.1923076923076923,-0.38585527760024246,-0.16952887094544786,0.00423337992114777,0.12240458818295759,-0.12561251471761473,-0.34905038505171126,0.2163264066547946,0.11817120826180982,-0.22343787033409654
14916,Jon Gray,4.378814932301939,4.028186536012971,1.2855700377952766,3.75949396134342,4.128809350564916,1.23037984189421,-0.18264291138229682,-0.24709749030660455,-0.2903819862702486,-0.21506251360423834,-0.2701524396319598,-0.2972340260100545,-0.06445457892430773,0.07531947266601025,-0.027081586378094713
14975,Chad Kuhl,4.9003684881731315,5.023452359805391,1.4494158661394614,9.409091724837191,6.906945387785127,1.9545456239999963,-0.07016549224944608,0.8641718440386131,0.32625808401158946,0.6983639886323451,0.005002383808764187,0.6883587124825373,0.9343373362880593,0.3721059046207556,0.6833563286737732
15038,Germán Márquez,4.469513809186907,4.009452264511178,1.2606477193860683,4.95,4.620581436157227,1.1,-0.16308293431871634,-0.012926331846339342,-0.30198923954809653,-0.053372211177709426,-0.3120057854932527,-0.4746815505852684,0.150156602472377,0.2486170283703871,-0.1626757650920157
15290,Austin Pruitt,0.4354840049386809,2.5696717920461944,0.4354840049386809,7.448276351946887,5.339547089475806,1.3448276746570769,-1.0330554538789096,0.4784817320299724,-1.1940386905663172,0.18301732235864768,-1.697746139416162,-0.14147003426317792,1.511537185908882,1.377056012924965,1.556276105152984
15423,Andrew Heaney,4.723534798179278,4.7056523645551005,1.1993158967655397,4.340599635510339,4.92998205010939,1.3569482853007837,-0.10830116756475235,-0.13279467747832405,0.12935771154629389,0.048355968006402295,-0.41500350594176544,-0.12497383113991517,-0.0244935099135717,-0.08100174353989159,0.29002967480185027
15451,Mike Mayers,7.0568191261332425,4.129868950824105,1.636363831433413,6.517241807953526,6.063685068137309,1.6551725226548637,0.39489125890238674,0.29534831594123495,-0.22738228315913056,0.4211074706176532,0.3189538276929657,0.28091063625920226,-0.09954294296115179,0.6484897537767838,-0.038043191433763446
15454,Nick Pivetta,4.914923426772659,4.558475499252268,1.372881035916786,5.876470851964204,5.317640351556168,1.4294118288561577,-0.06702659709499284,0.1693094113078455,0.038170864379794514,0.17581458112306356,-0.12352653822609119,-0.026350637254754124,0.23633600840283833,0.13764371674326903,0.09717590097133708
15467,Marco Gonzales,4.018277415498493,4.478665105234023,1.258198639010286,5.22,4.290581436157227,1.46,-0.2603958649076172,0.04018235532640173,-0.011277519961488965,-0.16187328589098468,-0.31611865357906666,0.015279994995604848,0.3005782202340189,-0.15059576592949572,0.3313986485746715
15474,Lucas Giolito,4.491305057286265,4.2113304180388855,1.2696844507005978,6.666666666666667,6.122433288009079,1.4814814814814814,-0.15838346804472014,0.32474001252355816,-0.17691093804936334,0.4404233645375891,-0.2968299324705727,0.044516383517920276,0.4831234805682783,0.6173343025869524,0.34134631598849297
15474,Lucas Giolito,4.491305057286265,4.2113304180388855,1.2696844507005978,3.793388429752066,4.444135155165491,1.2231404958677683,-0.15838346804472014,-0.2404304876414151,-0.17691093804936334,-0.11138618425881217,-0.2968299324705727,-0.3070868070325826,-0.08204701959669497,0.06552475379055117,-0.01025687456200991
15488,Antonio Senzatela,5.037776457088149,4.31395446453136,1.5199973228036021,4.695652563315065,8.09666879289771,1.1739131408287662,-0.040532305900957105,-0.06295617795037202,-0.11332782514733267,1.0895344979240194,0.12353349590894011,-0.3740854485874934,-0.022423872049414914,1.202862323071352,-0.4976189444964335
15689,Luis Castillo,3.5405828351046686,3.5742502554710915,1.180029154079445,3.0121704786248964,3.653948587982214,1.0040568262082987,-0.3634147264063144,-0.3940951534937953,-0.5716287579821664,-0.3711925229357191,-0.44739273630649096,-0.6052606220267027,-0.03068042708748092,0.2004362350464473,-0.15786788572021176
15734,Brad Keller,4.446720749505643,4.321473952154579,1.448415538955056,4.361538973475409,5.716735569429149,1.8692309886323184,-0.16799844970199698,-0.12867593396131952,-0.10866895184371914,0.30703355097805496,0.0033224823270502682,0.5722451274674926,0.039322515740677466,0.4157025028217741,0.5689226451404423
15873,Sean Manaea,3.442966646106892,3.9889367508350957,1.0997678592220028,7.544118493486123,5.917640556678673,1.8088237323563217,-0.3844664801149328,0.4973337702261683,-0.3147001028096143,0.3730893298623891,-0.5821797042678097,0.49003059233058344,0.8818002503411011,0.6877894326720033,1.072210296598393
15890,Luis Severino,2.6877433300182134,2.927571597198716,1.0481997474271796,6.967742425434617,6.450305162050008,1.714285834829152,-0.5473367520292262,0.38396126544097564,-0.9722935489898121,0.5482247303003057,-0.6687807171802005,0.36136410791842166,0.9312980174702018,1.5205182792901177,1.0301448250986223
16137,Carlos Rodón,3.656374275724747,3.3677891563406366,1.1718380945686326,5.97345173074177,6.801555125884584,1.4070797410191724,-0.3384433265337428,0.18838543779945757,-0.6995465299329316,0.663712604751974,-0.46114840867402623,-0.05674470467880168,0.5268287643332004,1.3632591346849057,0.4044037039952246
16149,Aaron Nola,3.5312749680601097,3.2485456820025576,1.0825619987158035,4.302788975409063,4.196876285030011,1.1175299144465205,-0.3654220463661121,-0.14023199051207766,-0.7734265955784085,-0.19268270893181155,-0.611074400932188,-0.4508232617627194,0.22519005585403443,0.580743886646597,0.1602511391694686
16162,Brandon Woodruff,3.88886461254113,3.5304538399951984,1.1771573779751443,2.647058823529412,4.417640259686639,0.8823529411764706,-0.2883048263470196,-0.4659121930256021,-0.5987638449825817,-0.12009747102811939,-0.4522154593194946,-0.7709001320639012,-0.1776073666785825,0.4786663739544623,-0.3186846727444066
16256,Kyle Freeland,4.608884991386133,4.625829974714945,1.4131158180308414,5.0,5.248359213935005,1.4666666666666666,-0.13302636448270364,-0.003091389777313237,0.07990189491477258,0.15303555721623155,-0.05595817545085527,0.024353356950806114,0.1299349747053904,0.07313366230145897,0.08031153240166139
16358,Tyler Mahle,4.535183099291763,4.574382717694689,1.2840992294816695,3.1558442340168207,4.205646394384432,1.051948078005607,-0.14892079855311363,-0.36583469227141513,0.04802655123634369,-0.1897991747187579,-0.2726224445502147,-0.5400804227200029,-0.2169138937183015,-0.2378257259551016,-0.26745797816978817
16401,Yonny Chirinos,2.7562330729658213,3.602161433967234,1.0827788156765144,6.428572012453716,5.603914981418205,1.4761906102671496,-0.5325663618418724,0.2779070699009745,-0.5543357387122715,0.26993914173874867,-0.6107102889303979,0.03731548508002204,0.810473431742847,0.8242748804510202,0.6480257740104199
16401,Yonny Chirinos,2.7562330729658213,3.602161433967234,1.0827788156765144,9.268657244136142,5.28550692401291,1.7910448780939403,-0.5325663618418724,0.8365485443948413,-0.5543357387122715,0.16524939499377655,-0.6107102889303979,0.4658334953498794,1.3691149062367138,0.719585133706048,1.0765437842802772
16502,Ryan Yarbrough,4.7352610631569325,4.02333227398422,1.2088865865498866,3.0789473684210527,3.66531827826249,1.131578947368421,-0.10577229971233905,-0.3809602166398965,-0.29338955711917947,-0.3674542695582432,-0.3989309486821081,-0.4317024676395779,-0.27518791692755745,-0.0740647124390637,-0.032771518957469825
16511,Jordan Montgomery,2.85069604433765,3.022738084579275,1.262761603734246,2.2978724336775285,2.664198432825657,1.0212766371900128,-0.5121946260845043,-0.5345967513353151,-0.9133309401430495,-0.6966136003057716,-0.30845582953480694,-0.5818243853511161,-0.022402125250810867,0.21671733983727792,-0.2733685558163092
16511,Jordan Montgomery,2.85069604433765,3.022738084579275,1.262761603734246,3.4214876033057853,3.741655816322516,1.2479338842975207,-0.5121946260845043,-0.3135829493118575,-0.9133309401430495,-0.34235516373861175,-0.30845582953480694,-0.27334289893472585,0.1986116767726468,0.5709757764044378,0.03511293060008108
16561,Austin Gomber,4.846073083820884,4.242147678914551,1.3953062588919571,5.479217808328188,5.361046061824608,1.474327683365416,-0.08187475371179835,0.09117019788975474,-0.15781738790629346,0.19008599388918093,-0.08586669463587092,0.0347800335686954,0.1730449516015531,0.3479033817954744,0.12064672820456632
16918,Luke Weaver,8.484959808139019,4.105680796065123,1.6746252784866562,6.865979921477007,5.878829063985579,1.6391753866589251,0.7028818310351371,0.36394469881653296,-0.24236861655268793,0.3603284551095795,0.3832082662399535,0.2591384654885426,-0.33893713221860416,0.6026970716622675,-0.12406980075141094
16929,Touki Toussaint,14.96773458287848,5.526228645725794,2.303284988392812,5.651162790697675,5.619418645459552,1.6046511627906976,2.100946837541053,0.12499157670302724,0.6377648160569388,0.2750366090432326,1.4389492224280787,0.21215084858171807,-1.9759552608380258,-0.36272820701370617,-1.2267983738463606
16929,Touki Toussaint,14.96773458287848,5.526228645725794,2.303284988392812,4.909091760304496,6.270581956343308,2.181818560135332,2.100946837541053,-0.020972935197361743,0.6377648160569388,0.4891333334212388,1.4389492224280787,0.997678154309127,-2.1219197727384147,-0.14863148263569997,-0.44127106811895167
16977,Trevor Williams,3.912194018168176,4.232033210084462,1.3706231202588508,4.821428946781466,5.742520404110264,1.4617348076750158,-0.2832736434410755,-0.038216109049498605,-0.16408404212183145,0.31551137605140384,-0.1273183734560863,0.01764107568931691,0.24505753439157688,0.47959541817323526,0.1449594491454032
17085,Pablo López,4.013260398386386,3.9430492397372143,1.1969202765651792,3.6869750262973695,3.390329342994235,1.1344538542453448,-0.2614778269231432,-0.2613618808083121,-0.34313077669795816,-0.45786819383359145,-0.4190265955737855,-0.4277897070373038,0.00011594611483112249,-0.11473741713563329,-0.00876311146351827
17149,Domingo Germán,4.603403538556139,4.623437988606849,1.2130617131969854,4.774919731285358,4.756112019223783,1.090032181081304,-0.1342084859743044,-0.047364417851100016,0.078419884333731,-0.00881095687698774,-0.3919194412971786,-0.4882477949282533,0.08684406812320439,-0.08723084121071874,-0.09632835363107473
17192,Jalen Beeks,9.09601523637685,5.730094698168306,2.036746921189982,2.7551022553036946,4.188948854591792,1.2244898912460864,0.8346610831207739,-0.4446601751768252,0.7640747665254586,-0.19528917778714935,0.9913379798191698,-0.3052502741293592,-1.2793212582975992,-0.959363944312608,-1.296588253948529
17277,Ranger Suárez,3.9692763277942213,4.069037961598142,1.4435010173460698,3.883561846775517,3.887019824534293,1.4280822664068702,-0.27096336237290164,-0.2226934809895796,-0.2650715361957493,-0.29456076641859,-0.0049307294836011435,-0.028160177456418557,0.04826988138332203,-0.029489230222840723,-0.023229447972817414
17282,Michael Kopech,3.49884041503992,4.346621567574778,1.1463713201420582,4.950000314712544,6.520581642786675,1.4916667615042851,-0.3724168310308331,-0.012926269942746565,-0.09308816230043597,0.571331014200291,-0.5039160878500187,0.058378593357217234,0.3594905610880865,0.6644191765007269,0.562294681207236
17295,Framber Valdez,3.9029442703871036,4.4091543172975936,1.3780876491125995,3.3958761818207046,3.5365608092324363,1.107216460010758,-0.2852684294919672,-0.3186206862440811,-0.05434454400049132,-0.40978858400406765,-0.11478280181793105,-0.4648599175283421,-0.033352256752113896,-0.3554440400035763,-0.35007711571041106
17312,Justin Steele,4.061517880908858,4.595848078049523,1.3978446760493974,2.8043478260869565,3.1836249144180964,1.173913043478261,-0.2510706941812147,-0.43497362846063503,0.06132591408132969,-0.5258307776169384,-0.08160379864496925,-0.37408558108194895,-0.18390293427942034,-0.5871566916982681,-0.2924817824369797
17479,Jack Flaherty,3.440227871288056,4.173358558240461,1.1908522551749272,6.406779868134963,4.694310295742774,1.525423778127372,-0.3850571199825762,0.27362058036227865,-0.20043728622196572,-0.029130815715842796,-0.4292169395766976,0.10432203790956977,0.6586777003448548,0.1713064705061229,0.5335389774862673
17479,Jack Flaherty,3.440227871288056,4.173358558240461,1.1908522551749272,4.431611045016745,4.218909725625831,1.5501520116313716,-0.3850571199825762,-0.1148928386760056,-0.20043728622196572,-0.185438308979455,-0.4292169395766976,0.13797726987374853,0.2701642813065706,0.014998977242510703,0.5671942094504461
17489,Spenser Watkins,5.899428085001881,4.884253200989642,1.489588153098964,10.384616146426286,8.809043380917913,2.076923229285257,0.14529012826396567,1.0560563675035926,0.24001401029443697,1.3237569476168036,0.07246579521971681,0.8549151586771271,0.9107662392396269,1.0837429373223666,0.7824493634574102
17594,Mitch Keller,5.745016932872431,3.8018257490515865,1.6668326053414457,4.014256494393701,3.655510141099089,1.2464358064784091,0.111990062179976,-0.1969859952284472,-0.4306290722688859,-0.3706790981132863,0.37012162482179406,-0.2753817892782046,-0.3089760574084232,0.059949974155599606,-0.6455034140999987
17606,Cristian Javier,2.911868313304499,3.7022730742988337,0.9975696430436313,4.523560390115324,4.731314478798634,1.2565445528098125,-0.49900231082092855,-0.09680650902941731,-0.49230924543344345,-0.016964168350850184,-0.7538064854480143,-0.2616237421214841,0.40219580179151126,0.47534507708259327,0.4921827433265302
17677,Jeffrey Springs,1.332000081298833,2.4484312894515994,0.8520000336914082,0.5625,1.8330814361572267,0.5,-0.8397142076253736,-0.8759424984033831,-1.269156061477397,-0.9698775013693907,-0.9982691035349746,-1.2912841265533908,-0.036228290778009486,0.29927856010800624,-0.2930150230184162
17735,Tyler Alexander,4.549500273628272,4.552491583175666,1.3596667565790932,3.0,5.603914769490561,0.3333333333333333,-0.14583317926547268,-0.39648907253835886,0.03446339011329551,0.26993907205881784,-0.14571796497649536,-1.518118175433425,-0.2506558932728862,0.23547568194552232,-1.3724002104569295
17874,Nestor Cortes,4.408896549413911,3.372299277063179,1.6619153746359465,4.973684310384736,4.502160408252495,1.2473684460964896,-0.17615555717291845,-0.008267655434765096,-0.6967521798278202,-0.09230799540896466,0.36186386348443034,-0.27411246275391393,0.16788790173815335,0.6044441844188556,-0.6359763262383442
17995,Logan Webb,3.7246659061267757,3.29495708161666,1.2449173511804474,3.5105163548111444,3.350887365842449,1.095602326419818,-0.3237156609862151,-0.2960710970411988,-0.744671334385106,-0.47083636628748615,-0.3384226111763755,-0.4806668032083411,0.0276445639450163,0.27383496809761987,-0.1422441920319656
18000,Triston McKenzie,3.9718489207511816,4.1570958781792395,1.057093630630634,4.5,2.7705814361572267,1.2,-0.2704085610240835,-0.10144081046757464,-0.21051320758507525,-0.6616358118430405,-0.6538447564219675,-0.33858112125724815,0.16896775055650887,-0.4511226042579653,0.31526363516471934
18331,James Kaprielian,4.01537232738126,4.47278589940986,1.2824202620619614,5.8628572706572895,5.122010047943739,1.5257143189722184,-0.26102237163947917,0.16663163563773578,-0.01492011855770982,0.11149307146114576,-0.2754420218845981,0.10471746524677894,0.4276540072772149,0.1264131900188556,0.38015948713137704
18356,Jaime Barria,4.173542349264264,5.760238714280186,1.3910053826366322,4.939024620010777,5.392532754384079,1.2804878644472384,-0.22691167361946507,-0.015085176373930555,0.7827511922294761,0.20043853928878433,-0.09308937987988213,-0.2290367921876016,0.2118264972455345,-0.5823126529406918,-0.13594741230771945
18376,Connor Overton,6.312162771190203,4.436502956018746,1.4209460849061994,11.454545454545457,7.088763254339045,2.363636363636364,0.2342998412003963,1.266510222769698,-0.03740005932114869,0.758144091429845,-0.042808400925885746,1.2451329654688081,1.0322103815693018,0.7955441507509936,1.287941366394694
18413,José Urquidy,3.911006719970221,4.036747274577994,1.0888040612246888,5.754098720494175,5.188614342988618,1.5491804247484315,-0.28352969430209196,0.14523895483042576,-0.28507798174783316,0.13339197325778046,-0.6005917806244537,0.13665493595477238,0.4287686491325177,0.4184699550056136,0.7372467165792261
18525,Dylan Cease,3.9690255191741337,3.896061827014154,1.3020459720894344,4.805620780627526,3.7764362551706503,1.46135836603878,-0.27101745136523264,-0.04132555701632926,-0.37224292019898203,-0.33091966375672716,-0.24248354602908603,0.01712873700623065,0.22969189434890339,0.041323256442254874,0.2596122830353167
18674,Jake Woodford,2.9113176178589897,3.42417175684225,1.1714527306423816,5.717647315424631,6.588228643872753,1.623529484626747,-0.49912107293412256,0.13806900568655422,-0.6646133795073432,0.5935727485001988,-0.46179557036352176,0.2378443256505066,0.6371900786206768,1.2581861280075421,0.6996398960140283
18679,Freddy Peralta,4.373112811097973,3.733024373022483,1.1843065164182476,3.949640287769784,3.8677037383155,1.1726618705035972,-0.1838726218681807,-0.20969592820577607,-0.47325656367456104,-0.3009117243397819,-0.4402095392057818,-0.37578843287210256,-0.02582330633759536,0.17234483933477912,0.06442110633367926
18684,Sandy Alcantara,3.198788504616011,3.926032788965892,1.1958696084917277,4.157894736842105,4.024967401069508,1.1929824561403508,-0.4371255538656124,-0.16873251936091138,-0.3536737142215159,-0.24920482609082464,-0.4207910371294048,-0.3481320285785128,0.26839303450470103,0.10446888813069125,0.07265900855089202
19206,Dakota Hudson,2.6353238159748638,3.8089640867086367,1.221381174297184,4.683673834016281,5.750173465930552,1.2857143858083908,-0.5586414619394973,-0.06531238012465378,-0.4262063492844212,0.318027634937308,-0.3779481374606328,-0.22192347417615244,0.4933290818148435,0.7442339842217292,0.1560246632844804
19244,Cole Irvin,4.606975195471294,4.49260807661428,1.2448252632630832,4.643312214731404,4.474403121457961,1.2802548081769711,-0.13343822806440767,-0.07325146387423076,-0.002638828019774405,-0.10143434525239362,-0.33857725920677983,-0.2293539827720112,0.060186764190176906,-0.09879551723261921,0.10922327643476865
19264,Thomas Hatch,11.990684738249882,8.992164952766746,2.3478263616240302,0.0,3.6039147694905607,1.0,1.458920952789197,-0.9865855966799273,2.785166200565712,-0.38764319893072907,1.5137498677121195,-0.6107819799132889,-2.4455065494691244,-3.172809399496441,-2.1245318476254083
19291,Zac Gallen,3.1139857785398735,3.6294624318830286,1.1625069546721385,3.107142857142857,3.038438579014369,1.0595238095238095,-0.4554139763240526,-0.37541419667615994,-0.5374207710010209,-0.573566757692655,-0.4768186773446882,-0.529769819598991,0.07999977964789268,-0.03614598669163405,-0.05295114225430286
19309,Trevor Richards,3.407322773048535,3.187032802649344,1.3375954591438588,3.0,4.048359213935004,0.8888888888888888,-0.39215338168883956,-0.39648907253835886,-0.8115383294899258,-0.24151380537749667,-0.18278344299490576,-0.7620046791666449,-0.004335690849519291,0.5700245241124291,-0.5792212361717392
19312,Cal Quantrill,4.066517053988593,4.232935951729485,1.2363337719286502,6.447761194029851,4.897447107799017,1.5671641791044777,-0.24999258038163027,0.2816815596840407,-0.16352472755669145,0.03765876738091784,-0.35283746236536245,0.16113090284264775,0.5316741400656709,0.2011834949376093,0.5139683652080103
19316,Eric Lauer,3.8884120363852395,4.290281841374671,1.3219593900650817,5.785714482774546,6.672367266307075,1.6339286270798488,-0.2884024282086167,0.15145773864033674,-0.12799474895616317,0.6212367817093456,-0.20904190724850957,0.2519976031756106,0.43986016684895346,0.7492315306655087,0.46103951042412017
19349,Caleb Ferguson,3.915862446390014,3.4363265985972355,1.0841335050843555,2.25,3.7705814361572263,2.0,-0.2824825159834604,-0.5440132035737509,-0.6570825648296134,-0.3328446763482672,-0.6084352885315564,0.750222313366915,-0.2615306875902905,0.32423788848134616,1.3586576018984715
19350,Dean Kremer,5.385792206792878,5.409503896886706,1.4407091880542726,4.3125,4.735859213935004,1.2916666666666667,0.03452022303633858,-0.13832184322642266,0.5654452853274508,-0.015469899724839918,-0.009619193655221112,-0.21382239437322934,-0.17284206626276125,-0.5809151850522907,-0.20420320071800824
19361,Corbin Burnes,5.354620272519753,4.906052133359878,1.3521368218114913,3.645569620253165,4.0047586513471005,1.0759493670886076,0.02779773274372925,-0.26950627620409723,0.2535200454335022,-0.25584928385898453,-0.1583633761684563,-0.5074145652337798,-0.2973040089478265,-0.5093693292924868,-0.3490511890653235
19362,Keegan Akin,7.305195330688887,3.355518130380261,1.4675325551148144,9.0,1.2705814361572267,2.0,0.4484556803274636,0.783703975744778,-0.7071493292351355,-1.1548225150852007,0.035426682106259974,0.750222313366915,0.33524829541731443,-0.4476731858500652,0.714795631260655
19388,Tony Gonsolin,2.6314832098175436,3.8691085536603667,1.0791665904807621,4.980582524271845,5.445338717710625,1.2233009708737863,-0.5594697210197359,-0.006910784755575814,-0.38894244707701087,0.2178006719318147,-0.6167764866237407,-0.30686839986042797,0.5525589362641601,0.6067431190088256,0.3099080867633128
19409,Dane Dunning,4.506597697774565,4.193431783851873,1.4325076230745697,3.636103310838205,4.267716150240517,1.272206359347646,-0.1550854812617955,-0.2713682882981694,-0.18800045280932207,-0.1693911892109525,-0.02339250840320003,-0.24030795618296868,-0.11628280703637389,0.018609263598369563,-0.21691544777976865
19427,Shane Bieber,3.39094978028007,3.0462771039048553,1.1513224849109076,3.769230769230769,4.125282290858081,1.247863247863248,-0.39568435554444226,-0.24518227147641825,-0.8987467936926247,-0.2162221795702065,-0.495601339274688,-0.2734390354250329,0.150502084068024,0.6825246141224182,0.22216230384965513
19447,Patrick Sandoval,3.8458905435449107,3.9349362492701636,1.315222154753398,3.951219757279792,4.091719698472574,1.4308943976980315,-0.29757254644195374,-0.20938524838316167,-0.3481573684809806,-0.2272572624307855,-0.22035609700481368,-0.02433285469588041,0.08818729805879208,0.1209001060501951,0.19602324230893325
19479,Aaron Civale,3.698342488983814,4.0322132964036035,1.114663975778108,2.3376623376623376,3.5433087088844992,1.0389610389610389,-0.3293925277042497,-0.526770123322861,-0.28788711329166455,-0.40756993441526107,-0.5571638807807601,-0.5577558386166577,-0.1973775956186113,-0.11968282112359652,-0.0005919578358976052
19479,Aaron Civale,3.698342488983814,4.0322132964036035,1.114663975778108,3.540983827996415,2.3853354791581225,1.3278689354986557,-0.3293925277042497,-0.2900781803658639,-0.28788711329166455,-0.7883012674895467,-0.5571638807807601,-0.16455095106640824,0.03931434733838579,-0.5004141541978822,0.3926129297143518
19487,Devin Smeltzer,4.064986631463309,4.922702366385572,1.1933396467588473,2.25,2.5205814361572267,1.0,-0.2503226288951318,-0.5440132035737509,0.26383608424215965,-0.7438335957167339,-0.42503973348595875,-0.6107819799132889,-0.29369057467861914,-1.0076696799588936,-0.18574224642733012
19541,Jimmy Lambert,4.628571791162327,4.962661263407504,1.4357143946083313,0.0,6.270581436157227,2.0,-0.12878074022248226,-0.9865855966799273,0.2885935475036811,0.4891331623886666,-0.018007210137727128,0.750222313366915,-0.857804856457445,0.2005396148849855,0.7682295235046421
19665,Kyle Wright,7.620484061405718,6.800502582111672,1.7179004830686235,5.785714482774546,4.4491529048705605,1.7678572030700004,0.516450351849672,0.15145773864033674,1.4272708464128927,-0.1097363926356539,0.45588256864025045,0.434274970091111,-0.3649926132093353,-1.5370072390485465,-0.021607598549139462
19695,Connor Seabold,8.645454937012754,7.944262978590561,2.0060606873987847,7.627119137205941,6.677361317442547,1.5762712883558945,0.737493957969941,0.5136599006796941,2.1359141800931876,0.6228787814528963,0.9398049909954276,0.17352571763319785,-0.22383405729024686,-1.5130353986402914,-0.7662792733622297
19716,Dustin May,3.3533417180404874,3.4968636964026896,1.065938321848412,2.625,3.2497481028238937,0.9375,-0.40379485106628765,-0.4702511380560549,-0.6195753990523634,-0.5040900594184614,-0.638991406324441,-0.6958447482433017,-0.06645628698976724,0.11548533963390195,-0.05685334191886071
19755,Shohei Ohtani,2.939157946676138,3.161257848334687,1.0876175890895097,3.136363636363636,4.013005678581469,1.0606060606060606,-0.4931170714314731,-0.36966650325919675,-0.8275078014241056,-0.2531377344101402,-0.6025842850059919,-0.5282968712296402,0.12345056817227634,0.5743700670139654,0.07428741377635173
19769,Will Vest,10.800004119874618,13.912435121537824,3.60000137329154,0.0,1.7705810785292728,1.1250002682209654,1.2021406443074507,-0.9865855966799273,5.833633926620604,-0.990427064922715,3.616592507858524,-0.4406560782033779,-2.188726240987378,-6.824060991543319,-4.057248586061902
19871,Tucker Davidson,4.91196195270867,5.092636922846921,1.4905104330268468,0.0,6.270581436157227,1.0,-0.06766526393140228,-0.9865855966799273,0.3691229878357618,0.4891331623886666,0.07401462788322788,-0.6107819799132889,-0.918920332748525,0.1200101745529048,-0.6847966077965167
19874,Alex Faedo,5.534161752933562,4.621747843372361,1.639751630498833,4.982143196524429,5.109867275734346,1.08928578848742,0.06651736587997394,-0.00660380233171767,0.07737271557613257,0.107500635598365,0.32464313491011465,-0.48926363845300197,-0.07312116821169161,0.030127920022232427,-0.8139067733631167
19879,Tanner Houck,4.000909500300248,2.9070280097352574,1.2225001250917424,4.930434946157536,4.483624954656303,1.2913043906603072,-0.2641414021687977,-0.016774755268699534,-0.9850218060187106,-0.0984022882437672,-0.37606902517912383,-0.21431545357323703,0.24736664690009819,0.8866195177749434,0.1617535716058868
19899,Clarke Schmidt,4.391209069689541,4.750023904237159,1.796703416381888,4.534883720930233,4.270581436157227,1.3255813953488371,-0.17997001121693057,-0.09457922297755639,0.15684913011404766,-0.1684491086008803,0.5882204341907469,-0.16766430303136215,0.08539078823937418,-0.32529823871492797,-0.755884737222109
19911,José Suarez,5.140305560338454,4.980514702319432,1.3715313625001773,9.616438858682232,8.202088543173756,2.1369864130404963,-0.018421040835691092,0.9049567850295047,0.2996550604806608,1.1241955773208563,-0.12579311500990467,0.9366614096360858,0.9233778258651958,0.8245405168401955,1.0624545246459904
19959,Jesús Luzardo,5.180232935918316,4.275971599300228,1.4161130582703085,3.76744199415489,3.82872099084684,1.24883725361801,-0.009810365848595428,-0.24553412146133408,-0.13686099199152602,-0.31372890614470866,-0.05092475398853044,-0.27211340941112244,-0.23572375561273864,-0.17686791415318265,-0.221188655422592
19962,Joey Wentz,3.030612480834064,3.5410024635993382,1.102040902121478,7.168142076890123,5.699785139992214,1.7389381705048264,-0.4733941305095228,0.42337964469533435,-0.5922282000873842,0.301460400036361,-0.578362465074118,0.3949160426123991,0.8967737752048571,0.8936886001237452,0.9732785076865171
19979,Zach Plesac,4.273396877214356,4.7095316365746,1.252632208367255,7.593750452622798,4.489331508800392,1.9687501173466515,-0.2053772032546819,0.5070963190837977,0.13176120467703525,-0.09652602382696983,-0.32546665014545334,0.7076910889112051,0.7124735223384796,-0.22828722850400507,1.0331577390566584
20000,Tyler Wells,4.25401939696332,4.520791164830204,1.13826369351853,3.975460215737284,5.27671645243206,1.067484687559085,-0.20955612015285863,-0.20461717829004025,0.01482265923596715,0.16235916586117458,-0.5175316470294319,-0.5189350304147009,0.0049389418628183746,0.14753650662520743,-0.0014033833852690192
20070,Bailey Falter,8.628260931869537,4.562971714782355,1.8500000199027689,5.75,4.659470325046115,1.3888888888888888,0.7337859258775596,0.14443274125807887,0.04095659919977541,-0.04058588924180191,0.677724193181622,-0.081502532526543,-0.5893531846194808,-0.08154248844157733,-0.7592267257081651
20070,Bailey Falter,8.628260931869537,4.562971714782355,1.8500000199027689,6.0,5.548359213935004,1.6666666666666667,0.7337859258775596,0.19360745160320955,0.04095659919977541,0.2516728978646635,0.677724193181622,0.29655421560684714,-0.5401784742743501,0.2107162986648881,-0.3811699775747749
20132,Adam Oller,6.681818181818182,6.688188577420783,1.606060606060606,27.00000367845858,9.699153740552129,3.85714338263694,0.31401914535982883,4.3242838441427285,1.357684094722453,1.6164173434765985,0.26806404483182567,3.277802430372711,4.010264698782899,0.2587332487541454,3.0097383855408855
20167,Kyle Muller,5.906037426734619,4.475660576559213,1.4401365278365912,7.788461538461538,6.078273743849534,1.9615384615384612,0.14671548850146532,0.5453957640722215,-0.013139045524718533,0.42590409787044087,-0.010580891750803128,0.697875994394599,0.39868027557075614,0.4390431433951594,0.7084568861454021
20191,Garrett Whitlock,4.153846153846154,3.5996104888426954,1.2564102564102564,5.225806708837039,4.489936334885869,1.3161290970404396,-0.2311593241290369,0.04132452822688144,-0.5559162360460256,-0.09632716237154886,-0.31912197751797033,-0.18052892161045644,0.2724838523559183,0.4595890736744767,0.1385930559075139
20302,David Peterson,4.696071695833658,4.0975787594226105,1.367829753137294,5.541485085398917,4.92123656797818,1.6113538191585504,-0.1142238170001625,0.10341809914548719,-0.24738842163915975,0.04548053100603256,-0.13200942018522538,0.22127319267474752,0.2176419161456497,0.2928689526451923,0.35328261285997287
20367,Brusdar Graterol,18.0,6.641232562065124,2.5,0.0,1.7705814361572267,0.5,2.7548804257684854,-0.9865855966799273,1.328591404190051,-0.990426947337814,1.769302975306138,-1.2912841265533908,-3.741466022448413,-2.3190183515278653,-3.0605871018595288
20369,Matt Manning,4.614676512162477,4.20112843870496,1.3431610073543196,3.929577464788733,4.988891295312156,1.056338028169014,-0.13177737422572156,-0.21364226224097135,-0.1832318114312245,0.06772480562775961,-0.17343692834344168,-0.5341056817003198,-0.0818648880152498,0.2509566170589841,-0.3606687533568781
20418,Josh Fleming,7.743956744869946,4.943261484502993,1.7830094555549718,8.357142857142858,7.984867150442941,2.142857142857143,0.543078276466667,0.6572547205715848,0.27657396364864006,1.0527751089511355,0.5652234533605782,0.9446514981212297,0.1141764441049179,0.7762011453024954,0.3794280447606515
20515,Kyle Nelson,0.0,6.112431001663208,1.0,0.0,-1.229419636726635,0.0,-1.1269712490982937,-0.9865855966799273,1.0009601085339144,-1.9768007065768376,-0.7497250605744874,-1.9717862731934928,0.14038565241836642,-2.977760815110752,-1.2220612126190054
20526,Denyi Reyes,2.454545880152248,3.385158321680125,1.3636366000845823,15.88235472312868,9.270582109339172,3.176470944625736,-0.5976277471034961,2.137455175753958,-0.6887850599018731,1.4755067902092431,-0.1390512002509049,2.3514043199219588,2.7350829228574542,2.164291850111116,2.4904555201728638
20531,Kutter Crawford,13.964673969324236,7.592319533121834,2.4347826228926,4.197479260707776,4.127724348253709,1.1974790683700862,1.8846283640566952,-0.16094628937993435,1.91785943957963,-0.21541925274615453,1.6597800410660446,-0.34201212002862663,-2.0455746534366295,-2.1332786923257845,-2.0017921610946714
20633,Yusei Kikuchi,5.038882357374846,5.421631321366765,1.4507180225782246,3.62589928057554,4.227415968531328,1.2302158273381294,-0.040293809185393076,-0.2733754092282473,0.572959112995345,-0.18264153171576253,0.007189162859662155,-0.29745725052504063,-0.23308160004285425,-0.7556006447111074,-0.3046464133847028
20778,Cristopher Sánchez,55.68755636668121,5.7287341526167035,6.487506270117136,3.3270140977104115,4.308496090571159,1.009478636484783,10.882519525970574,-0.3321657784036238,0.7632318089110147,-0.15598310632423149,8.465729700422704,-0.5978815149630569,-11.214685304374198,-0.9192149152352462,-9.06361121538576
21023,Adrián Martínez,6.2427748417837705,5.349425319969059,1.5260116279915883,3.85714338263694,8.842010766632807,1.71428594783864,0.21933574953473528,-0.2278899622766906,0.5282222068218863,1.3345963318002978,0.13363363149885976,0.36136426172482,-0.4472257118114259,0.8063741249784115,0.22773063022596024
21224,Bailey Ober,3.702810842620676,3.7361591087569392,1.1278687798878793,3.6684783369246423,4.110255366608867,1.1331521974056118,-0.3284288895904081,-0.26500015817730294,-0.4713143653016234,-0.22116289905709946,-0.5349883662735431,-0.42956126758455804,0.06342873141310518,0.25015146624452395,0.10542709868898503
21318,Tylor Megill,4.762396711417312,4.141532387155355,1.246102686992503,5.538462002803425,5.29255962765689,1.7252748699209084,-0.09992026850966415,0.10282346230155628,-0.2201559301315301,0.16756826143318895,-0.33643201508137477,0.37632023185730884,0.20274373081122044,0.38772419156471905,0.7127522469386836
21390,Joe Ryan,3.800510252361396,3.71125807539845,0.944770417550997,4.32824427480916,4.156077619363334,1.1450381679389312,-0.30735918862732425,-0.13522496261308434,-0.486742379198212,-0.2060969485430299,-0.8424749716405001,-0.4133844106589083,0.17213422601423992,0.2806454306551821,0.4290905609815918
21446,Ryan Feltner,8.700169359150102,7.5342904544140605,1.8073910963641804,5.858491409372497,4.346053289085512,1.7547172337250956,0.7492935841484539,0.16577287578138894,1.8819061753186292,-0.14363463237869475,0.6061688112000232,0.4163914153991253,-0.583520708367065,-2.025540807697324,-0.18977739580089792
21455,Kris Bubic,5.1648037811852765,5.161354223446332,1.5557426323405807,3.9375,2.6455814361572267,1.3125,-0.013137793078719285,-0.21208390874411873,0.4116983883551275,-0.7027347037798872,0.18356245382552697,-0.18546813826322517,-0.19894611566539944,-1.1144330921350147,-0.3690305920887521
21483,Shane McClanahan,2.98640806064037,3.1560432657388313,1.0994123785942658,3.2869565217391306,3.931451001374618,1.182608695652174,-0.48292718620760094,-0.34004505718568706,-0.8307386172539372,-0.27995218933389054,-0.5827766813794645,-0.362250761140382,0.14288212902191388,0.5507864279200466,0.22052592023908246
21537,Daniel Lynch IV,5.40887989184016,4.72425579579168,1.602252572259858,4.643312214731404,5.181409508063155,1.261146527457912,0.0394992768624267,-0.07325146387423076,0.14088389969720977,0.1310230874015849,0.2616690155613821,-0.25536043486785415,-0.11275074073665746,-0.009860812295624882,-0.5170294504292363
21541,Reiss Knehr,5.682807017431355,5.646173604622119,1.5355733238905511,22.5,18.270581436157222,4.0,0.09857396971062812,3.4391383343818362,0.7120795027623952,4.4346267883259465,0.14969108485889454,3.4722308999273226,3.340564364671208,3.722547285563551,3.322539815068428
21690,Edward Cabrera,4.412040229078887,5.608615656727821,1.3536650570157334,4.792207792207792,4.6861658517416425,1.4675324675324677,-0.17547759616332234,-0.043963876297941365,0.6888096033289632,-0.03180863670694844,-0.15579693128518599,0.025531715646287163,0.13151371986538096,-0.7206182400359117,0.18132864693147316
21741,Javier Assad,2.9454547497457853,4.639703834864727,1.4454546457085795,2.8125,5.301831436157227,1.09375,-0.49175911279023893,-0.4333701052972069,0.08849776738755852,0.17061674987810482,-0.0016498997390321927,-0.48318782741826977,0.05838900749303205,0.0821189824905463,-0.4815379276792376
21844,Braxton Garrett,4.1123535276031475,3.991855748431966,1.5604839251537874,3.916030534351145,3.598825710966387,1.1526717557251909,-0.24010755861103894,-0.21630692776230748,-0.3128915700133933,-0.3893164362614916,0.19152475350738493,-0.4029950649086776,0.023800630848731463,-0.0764248662480983,-0.5945198184160625
21846,Cole Ragans,4.95,4.912431001663208,1.475,2.076923229285257,1.7994274820801697,1.1826923944541046,-0.0594620385099294,-0.5780572038432233,0.2574722215304327,-0.9809426231442752,0.04796715078771073,-0.36213684671161206,-0.518595165333294,-1.2384148446747079,-0.4101039974993228
22182,Hunter Greene,4.440318392246527,4.36972545681545,1.2095490960958282,5.0625,4.458081436157227,1.525,-0.16937917199363003,0.009202287808969438,-0.07877361080617784,-0.1068007706956103,-0.3978183619352645,0.10374527405881803,0.17858145980259948,-0.028027159889432454,0.5015636359940825
22201,MacKenzie Gore,4.2704084957207264,3.984880049176045,1.4387756222141517,4.3821991279242205,4.613513426972713,1.374345604635732,-0.20602167290502565,-0.12461210551849565,-0.3172135265968569,-0.055696109943173235,-0.012866331362211597,-0.10129600483348374,0.08140956738653,0.26151741665368367,-0.08842967347127213
22250,Logan Gilbert,3.9376299476818897,3.5943107255553324,1.1763588429079657,3.658064516129032,3.722194339383033,1.0451612903225806,-0.27778817090859753,-0.2670485446621439,-0.5591998275528091,-0.34875392483994977,-0.45355648080073246,-0.549317269894183,0.010739626246453637,0.2104459027128593,-0.09576078909345048
22267,Tarik Skubal,3.9517823981695854,4.007900827505043,1.1973932982383786,4.060150492392819,1.9171979386929527,1.0827067979714184,-0.2747360757069791,-0.18795869899570056,-0.3029504683993548,-0.9422207409868204,-0.4182322256695399,-0.4982176727907299,0.08677737671127855,-0.6392702725874656,-0.07998544712119005
22286,Trevor Rogers,4.053193926909952,3.450697858294289,1.3275244721666064,4.0,4.10391476949056,1.2222222222222223,-0.2528658250018907,-0.19979023115783603,-0.648178516908163,-0.22324763118334265,-0.19969617535803072,-0.30833658140657677,0.053075593844054664,0.4249308857248203,-0.10864040604854605
22294,Matthew Liberatore,5.4606746254116985,5.101195217090925,1.786517007079136,5.877551477981215,4.413438667986908,1.6326531883281157,0.050669247599313155,0.16952196919335713,0.3744254779222857,-0.1214789171339594,0.5711138671116885,0.2502617255586859,0.11885272159404398,-0.4959043950562451,-0.3208521415530026
22387,Josh Winckowski,5.747525186635022,5.072827189352673,1.559406058389347,0.0,2.2705814361572267,1.0,0.11253098823938164,-0.9865855966799273,0.3568494070876447,-0.8260313795904273,0.18971463577500533,-0.6107819799132889,-1.099116584919309,-1.182880786678072,-0.8004966156882942
22487,Johan Oviedo,4.6448731840032975,5.019983422872809,1.7005990107183981,4.458715752372943,4.412783310993506,1.327981697851818,-0.12526520749457204,-0.1095613741430833,0.3241088235197947,-0.12169439270397449,0.42682730603209634,-0.164397481019634,0.01570383335148874,-0.44580321622376917,-0.5912247870517303
22713,Carlos Hernández,6.3248479408051566,5.191537672104733,1.704366077212876,3.857142857142857,0.8420100075857984,0.8571428571428571,0.23703550491793943,-0.22789006564076786,0.43039924540972146,-1.2957330017258177,0.4331535367738404,-0.8052111646676038,-0.4649255705587073,-1.7261322471355391,-1.2383647014414443
22717,Angel Zerpa,1.0,4.252343673176236,1.011111111111111,6.428571428571429,4.842010007585798,1.7142857142857142,-0.9113128227168059,0.2779069550520051,-0.151500222715027,0.019431540253275866,-0.7310655936420384,0.3613639438582852,1.189219777768811,0.17093176296830287,1.0924295375003235
22810,Roansy Contreras,1.9064886606515585,2.9662962136414888,1.319338460403236,6.128834499261646,4.834998650683473,1.582822122932437,-0.7158209046280284,0.2189490483378151,-0.9483008129447644,0.01712626825600134,-0.21344337078068298,0.18244143161644075,0.9347699529658435,0.9654270812007658,0.39588480239712376
22925,Joan Adon,5.236469312317309,4.794905320818466,1.7329253429917784,5.2105263157894735,3.744265646683543,0.9473684210526316,0.0023174825910084462,0.03831889261858625,0.18465645476384704,-0.3414970746507609,0.4811145975613213,-0.6824137848227733,0.036001410027577806,-0.5261535294146079,-1.1635283823840945
23221,Michael Grove,3.8117648769497534,5.124195797831134,1.341176530778617,6.75,4.828273743849534,1.6153846153846154,-0.30493203399908464,0.34113158263860166,0.38867602223427783,0.014915178501974049,-0.1767695630972706,0.2267591236437597,0.6460636166376863,-0.3737608437323038,0.40352868674103026
23301,Janson Junk,5.610389920133295,4.8388208156787265,1.491651293834394,7.714286765273879,6.4848675883546765,1.9285716913184696,0.08295661246421342,0.5308056721265458,0.21186532016415313,0.559588549690472,0.07593053478939368,0.6530080785896085,0.4478490596623324,0.34772322952631884,0.5770775438002148
23313,José Butto,15.75,8.612431001663207,2.75,2.7931036319800824,7.0981678947966,1.9655173706526508,2.2696489664101382,-0.43718534841371487,2.549893206457834,0.7612362538448044,2.189140981286242,0.7032913067815827,-2.706834314823853,-1.7886569526130294,-1.4858496745046594
23429,JP Sears,2.6785714285714284,3.947996469471781,1.2194940727647585,4.79857854606871,5.303756938639673,1.2298579088442767,-0.5493147498621659,-0.042710756394778275,-0.3400656055463968,0.17124983802570617,-0.38111724523845497,-0.29794437913181854,0.5066039934673876,0.511315443572103,0.08317286610663643
23735,Luis Garcia,3.6370120758619966,3.77552056722036,1.1616601475450747,4.0,3.640951806527597,1.2962962962962965,-0.34261894808742743,-0.19979023115783603,-0.4469270589830035,-0.37546574946795996,-0.47824076460739295,-0.207521448571006,0.1428287169295914,0.07146130951504354,0.270719316036387
23796,Ryan Weathers,8.089380455147547,5.459414632155227,2.128059733085406,13.50000128746045,9.270582008361872,3.0000002861023223,0.6175718102599892,1.6688490151991093,0.5963686412471028,1.475506757008802,1.1446843352856144,2.111226996033608,1.0512772049391201,0.8791381157616993,0.9665426607479934
23796,Ryan Weathers,8.089380455147547,5.459414632155227,2.128059733085406,6.539062889758521,5.965894096810381,1.6640625991858602,0.6175718102599892,0.29964049744994703,0.5963686412471028,0.3889546661139357,1.1446843352856144,0.29301006858547807,-0.31793131281004217,-0.20741397513316706,-0.8516742667001364
23920,Brayan Bello,4.815286741202938,2.9213481944726154,1.7770701068725123,3.562005420453534,4.299605224288248,1.2823219513632722,-0.08851408791482601,-0.28594325748557514,-0.9761494027754791,-0.15890634434492207,0.5552491961299207,-0.2265405920206305,-0.19742916957074913,0.817243058430557,-0.7817897881505512
24580,Josiah Gray,4.946164674607427,5.994709399578565,1.4830566913009677,3.847666136170644,4.914316203142004,1.444717553044916,-0.06028915874875264,-0.22975412567608872,0.9280229542101012,0.043205176393508016,0.06149717163009276,-0.0055194809220915535,-0.1694649669273361,-0.8848177778165931,-0.06701665255218431
24586,Kyle Bradish,4.89518455917614,4.455207321714997,1.402266410180665,3.029925417620912,3.457613869343702,1.107232004463938,-0.07128345021941074,-0.3906027775644972,-0.025811334880110514,-0.4357456380139222,-0.07417815048238707,-0.46483876146082714,-0.31931932734508645,-0.4099343031338117,-0.39066061097844007
25377,Brady Singer,4.008721731126527,3.7976865243386593,1.340787498957476,5.148837392011683,4.065930301589926,1.3953488867240331,-0.26245662876227355,0.02618475278548349,-0.43319362513192494,-0.23573658751555676,-0.17742288447347324,-0.07271044773833081,0.28864138154775704,0.19745703761636818,0.10471243673514243
25379,Sam Long,3.6758775337182517,3.9272350145148094,1.1720452285533163,27.0,2.2705814361572267,4.0,-0.33423728460555147,4.324283120594188,-0.3529288474439607,-0.8260313795904273,-0.4608005577976251,3.4722308999273226,4.65852040519974,-0.4731025321464666,3.9330314577249474
25385,Drew Rasmussen,2.3820939334637963,3.1060075131414457,0.9015003261578604,2.619403134212388,2.5541634849196506,1.05223886588019,-0.613252619914603,-0.4713520350718405,-0.8617394305649865,-0.7327921157718956,-0.9151406871967857,-0.5396846591742616,0.14190058484276252,0.12894731479309085,0.3754560280225241
25436,George Kirby,3.392307692307692,2.989354078586285,1.2076923076923076,3.2814500001512865,3.2130121379089585,1.0298507797745753,-0.3953915103734008,-0.3411281836020528,-0.9340147768725825,-0.5161685190363392,-0.4009365632987087,-0.5701549404823301,0.054263326771347986,0.4178462578362433,-0.16921837718362137
25595,Xzavion Curry,5.785714482774546,6.112431103842603,2.0357143550503034,4.333333333333333,4.196507362083152,1.2962962962962965,0.12076683174944812,-0.13422395069766183,1.0009601718415329,-0.19280400752641919,0.9896039377826689,-0.207521448571006,-0.25499078244710993,-1.193764179367952,-1.1971253863536748
25636,Hunter Gaddis,18.409091707103546,15.385158806398902,2.454545560947139,5.717647315424631,5.141169755401087,1.341176530778617,2.8431044995681525,0.13806900568655422,6.746094110451725,0.11779261343179488,1.6929689710865485,-0.14643925675714556,-2.7050354938815984,-6.6283014970199305,-1.839408227843694
25880,Hunter Brown,1.5,2.029097668329875,0.9166666666666666,4.534351145038168,3.8736348712717295,1.3358778625954195,-0.8034836095260621,-0.09468398003847267,-1.528963951408488,-0.29896162040033275,-0.8896710625678556,-0.15365076690314453,0.7087996294875895,1.2300023310081554,0.736020295664711
25918,Zack Thompson,9.0,8.712431001663209,1.8,3.2142857142857144,3.413438579014369,1.2142857142857142,0.8139545883350958,-0.3543393208139611,2.611850530374791,-0.45027008188211487,0.5937565585618462,-0.31913820278181676,-1.168293909149057,-3.0621206122569062,-0.9128947613436629
26079,Beau Brieske,4.18775523244913,4.973655549418377,1.2000000373684645,0.0,1.2705814361572267,1.5,-0.2238465455974729,-0.9865855966799273,0.2954053128997949,-1.1548225150852007,-0.4138545930355976,0.06972016672681305,-0.7627390510824543,-1.4502278279849956,0.4835747597624106
26213,Caleb Kilian,10.323529701331916,4.965372230107398,2.029411821629351,18.90000180244463,4.4705815505981565,3.6000003433227867,1.0993849209934974,2.7310228599507242,0.29027318992321577,-0.10269084387476236,0.979019765526366,2.927829649879028,1.6316379389572269,-0.3929640337979781,1.948809884352662
26253,Ryne Nelson,1.4727273748728926,3.766976501606716,0.8181818749293848,5.472,5.158581436157227,1.456,-0.8093651809442663,0.08975046335429361,-0.4522207333909262,0.12351741971847849,-1.0550616968972406,0.009835977822484028,0.89911564429856,0.5757381531094047,1.0648976747197247
26260,Drey Jameson,1.479452132104959,3.19462278678015,1.1095890990787192,5.192308073213143,5.347504665442484,1.846153981586895,-0.8079149303818013,0.03473538541183271,-0.8068357784367567,0.1856337027965177,-0.5656863852370253,0.5408372218026138,0.842650315793634,0.9924694812332744,1.1065236070396391
26285,Tommy Henry,5.361702127659575,5.87838844847172,1.446808510638298,4.2091255973881365,4.924573879575329,1.3688213324839469,0.029324994479044807,-0.1586554684485799,0.8559536057495484,0.0465778094755588,0.0006237160708053614,-0.10881456294931166,-0.1879804629276247,-0.8093757962739896,-0.10943827902011702
26304,Bryan Hoeing,21.0,11.445764334996545,3.0,6.657534594472315,5.489759634314665,1.479452132104959,3.4018557049129488,0.3229437445035258,4.305350717438279,0.23240587554177577,2.6089789872663465,0.041754430303907734,-3.078911960409423,-4.072944841896503,-2.567224556962439
26378,Nick Lodolo,3.658064696185928,3.896302007988764,1.2483871582221815,6.291262368924867,5.804562112529743,1.7475728802569075,-0.33807877311716145,0.25089842210847735,-0.37209411049455615,0.3359101398106798,-0.3325955836982261,0.40666791965620996,0.5889771952256388,0.708004250305236,0.7392635033544361
26410,Alek Manoah,2.733126833889306,3.5716145636157717,1.0196433464535357,5.874046143629126,6.030123581604828,1.740458116630852,-0.5375494170007081,0.16883247398764992,-0.5732617621224197,0.4100727513517463,-0.7167369669511723,0.3969846958154745,0.706381890988358,0.983334513474166,1.1137216627666469
27468,Reid Detmers,5.585334288959473,5.075216254429767,1.499812563267141,5.025000319480917,4.3789148399565,1.3833334212833035,0.07755315447327188,0.0018261440987259994,0.3583296078760467,-0.1328300457537035,0.08963617912903733,-0.08906354778892374,-0.07572701037454588,-0.49115965362975017,-0.17869972691796107
27498,Spencer Strider,2.767080876466781,1.9198843613004208,0.9875776865504337,3.46304359313446,2.794494463843073,1.056521774176615,-0.5302269416091598,-0.3054089342601363,-1.5966295938051476,-0.6537734203170932,-0.7705864978077905,-0.5338556025951016,0.22481800734902352,0.9428561734880544,0.23673089521268897
27552,Graham Ashcraft,4.88571464071471,4.207669176482296,1.419047722156904,4.734597498787794,5.111813796796924,1.3720380139129793,-0.07332571793276367,-0.05529575426524693,-0.17917934533996147,0.10814063446879457,-0.045996420251050184,-0.10443664571428384,0.01802996366751674,0.287319979808756,-0.05844022546323365
27581,Hayden Wesneski,1.8493151651311988,2.82475975375391,0.9452055288448348,5.510204081632653,6.270581436157227,1.2857142857142858,-0.7281508507026783,0.09726516194744336,-1.0359930158579052,0.4891331623886666,-0.841744266608563,-0.22192361040465908,0.8254160126501217,1.5251261782465717,0.6198206562039039
27646,Luis L. Ortiz,4.500000536441867,3.6749310687184416,1.1250001341104667,5.5384619447606855,6.0398124085375695,1.7884616696623046,-0.15650821469339005,0.10282345088461668,-0.5092496203962794,0.4132583517605748,-0.5398058323657516,0.46231773758398553,0.25933166557800674,0.9225079721568542,1.0021235699497373
27681,Ken Waldichuk,4.932692669552486,4.2951233961173125,1.2115385504164,6.256098143051719,6.173020730594477,1.6463416165925575,-0.06319451015910477,0.243981659621186,-0.12499505120164772,0.45705606722701875,-0.3944773677955149,0.2688917351948493,0.3071761697802908,0.5820511184286665,0.6633691029903642
27691,Louie Varland,3.807692307692308,4.304738693970901,1.2307692307692308,5.303571428571429,5.502724293300084,1.3571428571428572,-0.305810317876475,0.05662075849891695,-0.1190376699649199,0.2366685404908943,-0.3621822858236219,-0.1247090180275017,0.36243107637539196,0.3557062104558142,0.23747326779612019
27779,Bryce Elder,2.7870969113797543,3.828560069170506,1.2000000590662832,3.390697794739401,4.275232634598531,1.200000042582669,-0.5259103150174311,-0.3196392689831934,-0.41406520295581073,-0.16691983578395236,-0.4138545565973219,-0.3385810633020529,0.20627104603423774,0.24714536717185837,0.075273493295269
30074,Chase Silseth,6.593023840706745,5.972896371705287,1.5697675811206535,4.090909090909091,4.513005678581469,1.181818181818182,0.2948698974841553,-0.18190851830506125,0.9145081858745584,-0.08874216666275349,0.20711527994472234,-0.36332665386234236,-0.47677841578921654,-1.003250352537312,-0.5704419338070648
6797,Julio Teheran,3.185982803660791,5.286960018241605,1.2983981777752855,4.739361894459903,5.073772998695842,1.1329787693826705,-0.43988721118232715,-0.0543586031566647,0.48952037749490307,0.09563315726601249,-0.2486094767933973,-0.4297973038683562,0.38552860802566247,-0.39388722022889056,-0.1811878270749589
7531,Collin McHugh,3.182926829268293,3.341411973451206,0.9014227874072283,0.0,4.470581893921073,4.800001831055386,-0.4405462578108754,-0.9865855966799273,-0.7158891265759041,-0.10269073099323073,-0.9152709020545918,4.5610368266257275,-0.5460393388690519,0.6131983955826734,5.476307728680319
7608,Tommy Milone,5.866084923811528,2.6728825785988,1.3147856457788325,2.0000002119276483,6.048359508278961,1.4444445975033016,0.13809939459106968,-0.5931878722329588,-1.1300920492246807,0.4160685623897339,-0.22108914923470965,-0.005890974586103278,-0.7312872668240284,1.5461606116144146,0.21519817464860638
11828,James Paxton,4.777974821649456,3.1732538184254335,1.042895495078181,3.9929578537459536,4.379736395531102,1.2570422872903928,-0.09656071777100243,-0.20117541316683915,-0.8200754193780004,-0.1325599255634579,-0.6776884240978759,-0.2609463233565007,-0.10461469539583672,0.6875154938145426,0.4167421007413752
13218,Michael Fulmer,4.8331896567742465,4.397965159194756,1.3284833452029337,4.5,9.270581436157226,2.0,-0.08465317331507691,-0.10144081046757464,-0.061277046929846694,1.4755065688729867,-0.19808588998379184,0.750222313366915,-0.01678763715249773,1.5367836158028334,0.9483082033507069
13799,Matt Strahm,4.4632661694878415,2.947818129377063,1.6867350463012,4.175257896158195,3.0540865822823573,1.0515464331065083,-0.1644302904648153,-0.1653172060407311,-0.9597493394661228,-0.5684218329299472,0.4035448293285141,-0.5406270631520502,-0.0008869155759158032,0.39132750653617565,-0.9441718924805643
15440,Matthew Boyd,4.28003256096348,4.288090256006878,1.219319383467483,5.450704811064472,4.369173103503554,1.323943804237882,-0.20394616213938058,0.08556172436369576,-0.12935259660140286,-0.13603304234375835,-0.381410610063392,-0.16989307156400968,0.28950788650307635,-0.00668044574235549,0.21151753849938232
15463,José De León,7.714285977032729,6.491462807022799,1.7142857726739398,0.0,1.2705814361572267,0.0,0.5366795253653622,-0.9865855966799273,1.2357980719288453,-1.1548225150852007,0.4498121974230521,-1.9717862731934928,-1.5232651220452895,-2.390620587014046,-2.4215984706165448
15823,Zack Littell,23.142857142857142,8.379518563406808,4.571428571428571,3.919354959283489,4.117355655755511,1.0887097109120802,3.863980904301851,-0.21565301722985886,2.405586892644435,-0.21882838692623321,5.247960739141287,-0.49004768250630193,-4.07963392153171,-2.624415279570668,-5.738008421647589
16207,Spencer Turnbull,4.6492529055077,3.301367935060997,1.2618401530113275,7.258064962698719,5.560904157719934,1.677419458045926,-0.12432068364694353,0.4410673721474782,-0.7406993411507565,0.25579756417642857,-0.31000326967128305,0.31118881083876543,0.5653880557944218,0.996496905327185,0.6211920805100485
16408,Victor González,13.500014081612017,3.1700341224670416,3.0000031292471148,0.0,7.770586130027899,1.5000015646235574,1.784420543870079,-0.9865855966799273,-0.8220702568320825,0.9823214089338951,2.608984242373822,0.06972229618619201,-2.771006140550006,1.8043916657659775,-2.53926194618763
17186,Dinelson Lamet,4.028564843612016,3.8822459732677777,1.3460461082442854,10.8,6.537248102823893,2.2666666666666666,-0.2581772943491421,1.137761890229719,-0.38080285345651743,0.5768107985206061,-0.1685918283246631,1.1131567915749694,1.3959391845788611,0.9576136519771236,1.2817486198996324
17969,Peter Lambert,9.185690031235268,6.863005453574162,2.102831619070094,3.375,4.545581436157226,1.05,0.8540002082660231,-0.3227270070206628,1.4659959529423068,-0.07803154633981779,1.102317450954305,-0.5427317652492787,-1.176727215286686,-1.5440274992821246,-1.6450492162035837
18498,Kenta Maeda,4.213019606227103,3.7961837006424908,1.2265800707405032,4.218750143689774,3.886652885711924,1.1651786111143183,-0.21839807050500154,-0.15676233134223463,-0.43412473447726085,-0.2946814126506538,-0.3692173601963921,-0.3859731810286405,0.061635739162766906,0.13944332182660707,-0.016755820832248358
18694,Kolby Allard,5.8544120002637605,5.619530993339876,1.659028590270724,5.558824153095038,4.241169780348423,1.5000001682954864,0.13558203026748683,0.10682867367193272,0.6955724537903206,-0.1781194003110382,0.3570159363180721,0.06972039577769264,-0.028753356595554114,-0.8736918541013589,-0.2872955405403795
18864,Pedro Avila,1.96875050291449,4.598271743208137,1.4375003352763267,6.480000247192392,2.790581417846679,1.8000000686645534,-0.7023936137019922,0.2880229440883177,0.06282755215431503,-0.6550599951534908,-0.015007987062327234,0.47802154816362624,0.9904165577903099,-0.7178875473078058,0.4930295352259535
19320,Joey Lucchesi,4.190784015776537,4.056075457674843,1.231718218335251,3.5357142857142856,4.627724293300084,1.2857142857142858,-0.22319336295123382,-0.2911146932273645,-0.2731027567392562,-0.05102370306703248,-0.3605886016339505,-0.22192361040465908,-0.06792133027613068,0.22207905367222375,0.13866499122929143
19853,Michael King,5.4729735372361406,4.95381809015882,1.5810812440904405,3.85714338263694,4.770581640516037,1.50000020435881,0.053321611569577015,-0.2278899622766906,0.28311455400945656,-0.004053473662128436,0.22611490275098758,0.06972044486003096,-0.2812115738462676,-0.287168027671585,-0.15639445789095663
19866,Brandon Bielak,4.764706416938604,2.1112104742584625,1.9411766883823944,3.693396359331972,5.237562639019847,1.5141509978870535,-0.09942216105153759,-0.2600988120402873,-1.4780890542620109,0.1494857390904226,0.8308419159272021,0.08897973560529202,-0.1606766509887497,1.6275747933524334,-0.7418621803219101
19867,Griffin Canning,4.8483482868850185,4.839848509251374,1.3428230400090952,4.221818298945155,4.339672374908196,1.210909124503649,-0.08138408699928878,-0.15615882875832565,0.21250205159983232,-0.14573262039654922,-0.17400449448866329,-0.3237337559718536,-0.07477474175903687,-0.35823467199638154,-0.14972926148319032
20039,Adrian Morejon,5.30357169131847,6.352736464325314,1.750000102179405,0.0,4.603914769490561,1.3333333333333333,0.016788676052852895,-0.9865855966799273,1.1498469424256172,-0.058852063435955636,0.5097891289610157,-0.15711388215322103,-1.0033742727327801,-1.208699005861573,-0.6669030111142367
21205,Connor Brogdon,0.0,6.170034122467041,2.0,0.0,4.770583000780785,4.500004693870673,-1.1269712490982937,-0.9865855966799273,1.036649460676621,-0.004053026419137384,0.9296269633459294,4.152739434945562,0.14038565241836642,-1.0407024870957584,3.223112471599632
13133,Derek Law,11.250011399399863,7.714014035467954,2.000002026559976,0.0,4.770581793785181,1.1250002682209654,1.2991885060700794,-0.9865855966799273,1.993258096587344,-0.004053423268592531,0.9296303666535265,-0.4406560782033779,-2.2857741027500067,-1.9973115198559366,-1.3702864448569043
13652,Tayler Scott,27.000028163224037,10.714017298825796,4.500004693870673,0.0,6.270581436157227,2.0,4.695812336838452,-0.9865855966799273,3.851979835985237,0.4891331623886666,5.128014905808186,0.750222313366915,-5.68239793351838,-3.3628466735965703,-4.377792592441271
13652,Tayler Scott,27.000028163224037,10.714017298825796,4.500004693870673,0.0,-0.7294185638427733,1.0,4.695812336838452,-0.9865855966799273,3.851979835985237,-1.8124047860747476,5.128014905808186,-0.6107819799132889,-5.68239793351838,-5.664384622059985,-5.738796885721475
14552,José Ruiz,0.0,2.0140118503523565,1.799996438033477,16.20000617981193,17.670586929323385,3.0000011444096164,-1.1269712490982937,2.1999368492463884,-1.5383107205183417,4.237353913133423,0.5937505767661565,2.11122816419352,3.326908098344682,5.775664633651765,1.5174775874273636
14825,Dylan Covey,6.973728665730817,5.30619532607831,1.6389489410838247,67.50007040806008,42.27062211636972,9.000009387741345,0.37697210096468625,12.290600045689205,0.5014380594777139,12.32562741549377,0.3232951368164408,10.277265143084616,11.913627944724519,11.824189356016056,9.953970006268175
16350,Ryan Borucki,7.335151059087573,5.904625532942557,2.235408822492159,0.0,0.8160355560049788,0.0,0.4549158855750354,-0.9865855966799273,0.8722094011615101,-1.3042731711549296,1.3249612458468587,-1.9717862731934928,-1.4415014822549628,-2.1764825723164396,-3.2967475190403515
17359,Josh Taylor,0.0,5.214009475708008,3.0,0.0,2.2705814361572267,2.0,-1.1269712490982937,-0.9865855966799273,0.4443221735581849,-0.8260313795904273,2.6089789872663465,0.750222313366915,0.14038565241836642,-1.270353553148612,-1.8587566738994314
17611,Taylor Clarke,5.87564673932379,6.214009001341584,1.507771782313248,0.0,2.2705814361572267,0.0,0.14016148067779435,-0.9865855966799273,1.0638951188230108,-0.8260313795904273,0.10300250974294282,-1.9717862731934928,-1.1267470773577217,-1.889926498413438,-2.0747887829364355
18383,Michael Soroka,3.092941036542358,3.151605382828709,1.2761225782723438,5.46835469443187,6.422480322531152,1.5189874151199638,-0.45995245226684117,0.08903343597256437,-0.8334882107436168,0.5390761697199411,-0.2860180499027032,0.09556212022337728,0.5489858882394055,1.3725643804635579,0.3815801701260805
12447,Seth Lugo,3.9130434782608696,3.85608374968819,1.3043478260869563,3.7042684650080826,3.746191214380487,1.2256098131137854,-0.28309045021421125,-0.2579602814504297,-0.39701226706360093,-0.3408639650612106,-0.2386179228595783,-0.30372605565928257,0.025130168763781546,0.05614830200239035,-0.06510813279970426
14932,Ben Lively,6.845069503103242,5.146346801984112,1.8591546798552017,5.482233714853421,5.75281503482697,1.3857868556990591,0.3492256684128637,0.09176342320898005,0.40240019162819723,0.3188961593742488,0.6930980899010433,-0.08572441301579893,-0.2574622452038836,-0.08350403225394842,-0.7788225029168422
17877,Brett Kennedy,6.749999195337392,6.3104312002659295,1.7999997854233043,3.6,3.470581436157227,1.1,0.3287229554444767,-0.27846976771004517,1.1236357329384201,-0.431482016996699,0.5937561982120378,-0.4746815505852684,-0.6071927231545219,-1.5551177499351192,-1.0684377487973062
